Tanggal,sumber,Artikel
2023-02-19 17:46:28+00:00,TiaraPangesti5,"Di antara semua bakal calon yang beredar, nama Prabowo Subianto paling cocok untuk didukung Presiden Jokowi.

capres2024

pemilu2024

dekade08

terusmajubersamaprabowo

mendingprabowo

Prabowo Lebih Baik"
2023-02-19 17:22:02+00:00,CondoWijaya,"Di antara semua bakal calon yang beredar, nama Prabowo Subianto paling cocok untuk didukung Presiden Jokowi.

capres2024

pemilu2024

dekade08

terusmajubersamaprabowo

mendingprabowo

Prabowo Lebih Baik"
2023-02-19 12:40:40+00:00,Ini_ajunk,"Usung Prabowo Subianto Calon Presiden 2024, Koalisi Antarpartai Masih Dinamis - https://t.co/hZI2Euk7ix https://t.co/6knrCBbp4L #IndonesiaKuat #BangkitBersama"
2023-02-19 12:40:40+00:00,Disuruh_Iben,"Prabowo Subianto:  Usung Prabowo Subianto Calon Presiden 2024, Koalisi Antarpartai Masih Dinamis - https://t.co/20zCcPoQpX https://t.co/wDXOGCo6qX #IndonesiaKuat #BangkitBersama"
2023-02-19 07:38:20+00:00,harrispradana_,"ekonomi pertanian membuat Prabowo Subianto menjadi calon paling ideal sebagai Presiden Republik Indonesia tahun 2024 
#IndonesiaKuat #IkutPakde Prabowo Subianto"
2023-02-19 06:21:02+00:00,harrispradana_,"Prabowo mengatakan Jokowi Mania telah menyampaikan dukungan kepada dia untuk maju sebagai calon presiden 2024.
#IndonesiaKuat #IkutPakde Prabowo Subianto"
2023-02-18 17:55:54+00:00,MarcelSelvi,"Relawan Jokowi Mania atau Joman, mendukung prabowo Subianto sebagai calon presiden (capres) pada Pilpres 2024.

capres2024

pemilu2024

dekade08

terusmajubersamaprabowo

mendingprabowo

Prabowo Lebih Baik"
2023-02-18 17:50:44+00:00,c_agustin18,"Relawan Jokowi Mania, mendukung prabowo Subianto sebagai calon presiden (capres) pada Pilpres 2024.

capres2024

pemilu2024

dekade08

terusmajubersamaprabowo

mendingprabowo

Dukung Prabowo"
2023-02-18 17:43:29+00:00,DandiFajar8,"Relawan Jokowi Mania atau Joman, mendukung prabowo Subianto sebagai calon presiden (capres) pada Pilpres 2024.

capres2024

pemilu2024

dekade08

terusmajubersamaprabowo

mendingprabowo

Prabowo Lebih Baik"
2023-02-18 17:35:07+00:00,dellautami19,"Relawan Jokowi Mania, mendukung prabowo Subianto sebagai calon presiden (capres) pada Pilpres 2024.

capres2024

pemilu2024

dekade08

terusmajubersamaprabowo

mendingprabowo

Dukung Prabowo"
2023-02-18 17:29:10+00:00,AnastiDina,"Relawan Jokowi Mania atau Joman, mendukung prabowo Subianto sebagai calon presiden (capres) pada Pilpres 2024.

capres2024

pemilu2024

dekade08

terusmajubersamaprabowo

mendingprabowo

Prabowo Lebih Baik"
2023-02-18 17:21:36+00:00,linebellla,"Relawan Jokowi Mania, mendukung prabowo Subianto sebagai calon presiden (capres) pada Pilpres 2024.

capres2024

pemilu2024

dekade08

terusmajubersamaprabowo

mendingprabowo

Dukung Prabowo"
2023-02-18 17:16:38+00:00,CondoWijaya,"Relawan Jokowi Mania atau Joman, mendukung prabowo Subianto sebagai calon presiden (capres) pada Pilpres 2024.

capres2024

pemilu2024

dekade08

terusmajubersamaprabowo

mendingprabowo

Prabowo Lebih Baik"
2023-02-18 13:00:01+00:00,Genpi_Co,Presiden Joko Widodo (Jokowi) menodong PPP soal calon presiden (capres) dan calon wakil presiden (cawapres) pada Pilpres 2024 di depan Prabowo Subianto #prabowosubianto https://t.co/hh7b0XSEZB
2023-02-18 10:49:00+00:00,PakpahanEdwind,@erickthohir Bapak Erik Tohir terhormat mauya terima aja calon wakil presiden sama pak Prabowo Subianto thn 2024 Bapak Erik Tohir terhormat
2023-02-18 01:56:05+00:00,andyyusuf22,Prabowo Subianto Adalah Calon Presiden Paling Resilien - https://t.co/Mhaj1u32N3 - https://t.co/Mhaj1u32N3 https://t.co/eJOekg2Ifs
2023-02-18 00:07:10+00:00,zrfaptrii_,"""DPP Jokowi Mania (JoMan) memutuskan untuk mendukung Prabowo Subianto sebagai calon presiden 2024/2029,"" ucap Sekjen Relawan JoMan Akhmad Gojali.

@prabowo

capres2024

pemilu2024

dekade08

terusmajubersamaprabowo

mendingprabowo"
2023-02-17 22:49:10+00:00,ArkanAmar1,"Ketua Umum DPP Joman, Immanuel Ebenezer mengungkapkan beberapa prinsip yang menjadi alasan Joman memilih Prabowo Subianto sebagai calon presiden 2024.

capres2024

pemilu2024

dekade08

terusmajubersamaprabowo

mendingprabowo"
2023-02-17 17:43:51+00:00,micheliaputri7,"""DPP Jokowi Mania (JoMan) memutuskan untuk mendukung Prabowo Subianto sebagai calon presiden 2024/2029,"" ucap Sekjen Relawan JoMan Akhmad Gojali.

capres2024

pemilu2024

dekade08

terusmajubersamaprabowo

mendingprabowo"
2023-02-17 17:43:42+00:00,FannyAeni1,"Relawan Jokowi Mania menyatakan dukungannya terhadap Ketua Umum Partai Gerindra Prabowo Subianto untuk maju sebagai calon presiden (capres) di Pemilu 2024.

capres2024

pemilu2024

dekade08

terusmajubersamaprabowo

mendingprabowo"
2023-02-17 17:42:10+00:00,aviana_stella,"Ketua Umum DPP Joman, Immanuel Ebenezer mengungkapkan beberapa prinsip yang menjadi alasan Joman memilih Prabowo Subianto sebagai calon presiden 2024.

capres2024

pemilu2024

dekade08

terusmajubersamaprabowo

mendingprabowo"
2023-02-17 17:30:38+00:00,AzizahKumala8,"""DPP Jokowi Mania (JoMan) memutuskan untuk mendukung Prabowo Subianto sebagai calon presiden 2024/2029,"" ucap Sekjen Relawan JoMan Akhmad Gojali.

capres2024

pemilu2024

dekade08

terusmajubersamaprabowo

mendingprabowo"
2023-02-17 17:23:55+00:00,AndiniFauzziah,"""DPP Jokowi Mania (JoMan) memutuskan untuk mendukung Prabowo Subianto sebagai calon presiden 2024/2029,"" kata Sekjen Relawan JoMan Akhmad Gojali.

capres2024

pemilu2024

dekade08

terusmajubersamaprabowo

mendingprabowo"
2023-02-17 17:23:46+00:00,AlliiAkbbar,"Relawan Jokowi Mania (JoMan) menyatakan dukungannya terhadap Ketua Umum Partai Gerindra Prabowo Subianto untuk maju sebagai calon presiden (capres) di Pemilu 2024.

capres2024

pemilu2024

dekade08

terusmajubersamaprabowo

mendingprabowo"
2023-02-17 17:15:38+00:00,TriandanaRildi,"Ketua Umum DPP Joman, Immanuel Ebenezer mengungkapkan beberapa prinsip yang menjadi alasan Joman memilih Prabowo Subianto sebagai calon presiden 2024.

capres2024

pemilu2024

dekade08

terusmajubersamaprabowo

mendingprabowo"
2023-02-17 16:57:52+00:00,MashaNdeber,"maju sebagai calon presiden di Pemilu 2024. Immanuel Ebenezer atau Noel memastikan JoMan akan mengganti namanya menjadi Prabowo Mania 08.

Prabowo Subianto
#IndonesiaKuat
#BangkitBersama"
2023-02-17 16:56:24+00:00,MashaNdeber,"usai menyatakan dukungan kepada Prabowo untuk maju sebagai calon presiden kontestasi Pemilu 2024. 

Prabowo Subianto
#IndonesiaKuat
#BangkitBersama"
2023-02-17 13:59:33+00:00,terkinidotid,"Jokowi Mania Soal Ide Duet Prabowo dan Ganjar: Bagus, Itu Keren!: Relawan Jokowi Mania atau JoMan menanggapi soal wacana duet Prabowo Subianto dan Ganjar Pranowo sebagai calon presiden dan‚Ä¶ https://t.co/4it2yF8lj4 #News #duetprabowoganjar #jokowimaniaprabowo #jokowimaniaganjar"
2023-02-17 12:11:41+00:00,SwaraPita,"usai menyatakan dukungan kepada Prabowo untuk maju sebagai calon presiden kontestasi Pemilu 2024. 

Prabowo Subianto
#IndonesiaKuat
#BangkitBersama https://t.co/XyEvJ4Qza1"
2023-02-17 11:02:10+00:00,goentz1,"usai menyatakan dukungan kepada Prabowo untuk maju sebagai calon presiden kontestasi Pemilu 2024. 

Prabowo Subianto
#IndonesiaKuat
#BangkitBersama"
2023-02-17 10:44:19+00:00,Ayunin___,"Bakal calon presiden NasDem Anies Baswedan mengungkap tidak pernah ada perjanjian dengan Ketua Umum Gerindra Prabowo Subianto tidak akan menjadi calon presiden setelah Pilpres 2019.

https://t.co/FKb8Syvttv"
2023-02-17 10:16:20+00:00,mercifulove,"Nama Prabowo Subianto kembali meraih elektabilitas tertinggi dibandingkan dengan calon presiden (capres) lainnya.
#IndonesiaKuat #IkutPakde"
2023-02-17 09:37:25+00:00,GegutuGarden,Calon Presiden 2024: Menakar langkah brilian Prabowo Subianto di tengah politik yang memasung Ganjar Pranowo https://t.co/rFoiujvdC1
2023-02-17 05:07:41+00:00,ratih_ploey,"Jokowi membantah kalau pujian Prabowo datang karena dirinya sudah memberi restu kepada Prabowo untuk maju sebagai Calon Presiden (Capres) pada Pemilu Presiden atau Pilpres 2024.
Prabowo Subianto 
 #IndonesiaKuat #BangkitBersama"
2023-02-17 03:37:40+00:00,andystwn4,"Relawan Jokowi Mania mendukung Prabowo Subianto sebagai calon presiden di Pilpres 2024 mendatang. 
#IndonesiaKuat #IkutPakde Prabowo Subianto"
2023-02-16 14:05:30+00:00,gerindra_ktmgl,"Relawan Jokowi Mania (Joman) resmi mendukung Ketua Umum (Ketum) Partai Gerindra Prabowo Subianto sebagai Calon Presiden (Capres) 2024.

#jomandukungprabowo
#mendingprabowo
#prabowo
#prabowosubianto
#gerindra
#gerindrajawatengah
#gerindrajateng
#gerindrakotamagelang https://t.co/tUDEHzpRln"
2023-02-16 13:21:57+00:00,KomopaKegame,"ingatkan Pilpres kepada 
Seluru Penyelengara Maupung Masyarakat yg ada di sekitar provinsi papua dan  
Papua lainnya yaitu.
1.Bapak Calon presiden Prabowo subianto  dan
2.Bapak Calon presiden Ganjar pranowo 
Kita tdk perlu kasih suara oleh 2 orng Calon pilpres ini thn 2023/2024"
2023-02-16 12:24:00+00:00,detikcom,Partai Gerindra berharap JoMan tulus mendukung Ketum Partai Gerindra Prabowo Subianto maju sebagai calon presiden. https://t.co/0LGU1lTwMS
2023-02-16 11:44:45+00:00,MashaNdeber,"terkait dengan arahan dukungan mereka terhadap calon presiden dan calon wakil presiden di Pilpres 2024.

Prabowo Subianto
#IndonesiaKuat
#BangkitBersama"
2023-02-16 11:39:42+00:00,MashaNdeber,"Setelah pembubaran relawan pendukung Gubernur Jawa Tengah itu sebagai calon presiden di Pilpres 2024, 

Prabowo Subianto
#IndonesiaKuat
#BangkitBersama"
2023-02-16 11:38:27+00:00,SeputarPendekar,"BUDI DJIWANDONO: CAK IMIN CALON KUAT WAKIL PRESIDEN PRABOWO 2024

#IndonesiaKuat 
#BangkitBersama Prabowo Subianto https://t.co/QQzVHN4hJk"
2023-02-16 11:33:20+00:00,SitiSumiran,"sebagai salah satu calon presiden (capres) terus merangkak naik.

Prabowo Subianto
#Prabowo
#IndonesiaKuat
#IndonesiaBangkit
#BangkitBersama"
2023-02-16 11:32:03+00:00,SeputarPendekar,"Menurut Habiburokhman, Prabowo berpesan selalu agar segala bentuk dukungan tak menjadi alasan untuk menyerang sosok lain yang maju menjadi calon presiden (capres). 

#IndonesiaKuat 
#BangkitBersama Prabowo Subianto"
2023-02-16 11:26:25+00:00,SeputarPendekar,"""DPP Jokowi Mania (JoMan) memutuskan untuk mendukung Prabowo Subianto sebagai calon presiden 2024/2029,"" kata Sekjen Relawan JoMan Akhmad Gojali dalam konferensi pers di DPP JoMan, Jakarta Selatan.

#IndonesiaKuat 
#BangkitBersama Prabowo Subianto"
2023-02-16 11:26:22+00:00,SeputarPendekar,"""Kami menyambut baik semua insan, semua dukungan yang secara tulus, benar-benar melihat tawaran dari Partai Gerindra maupun Pak Prabowo sebagai calon presiden kami,"" ucap Budisatrio di Kompleks Senayan.

#IndonesiaKuat 
#BangkitBersama Prabowo Subianto"
2023-02-16 11:26:21+00:00,SeputarPendekar,"Ketua Umum Jokowi Mania (JoMan) Immanuel Ebenezer atau Noel menyatakan dukungannya terhadap Ketua Umum Partai Gerindra Prabowo Subianto sebagai calon presiden (capres) di Pemilu 2024, meski pernah menyerang Prabowo. 

#IndonesiaKuat 
#BangkitBersama Prabowo Subianto"
2023-02-16 11:05:10+00:00,icha687,Gojali mengatakan alasan pertama adalah karena¬† Prabowo Subianto dianggap memiliki modal sosial yang cukup untuk menjadi calon presiden (Capres).¬† #IndonesiaKuat #BangkitBersama https://t.co/8KrQVbf5Wj
2023-02-16 10:54:12+00:00,mercifulove,"https://t.co/ofkEW1Fnui, Malang - Calon presiden Prabowo Subianto menyatakan sangat berutang budi pada petani dan nelayan karena merekalah yang banyak membantu Prabowo dan pasukan saat ia masih menjadi tentara.
#IndonesiaKuat #IkutPakde"
2023-02-16 09:42:53+00:00,zxnm88473822,"&amp;quot;Kita tiba-tiba dikagetkan saja beliau deklarasikan calon presiden tanpa pamit dengan
Gerindra dan pak Prabowo.#IndonesiaKuat #IkutPakde Prabowo Subianto"
2023-02-16 08:54:30+00:00,KisahPribumi,"""Prabowo memiliki modal sosial yang lebih dari cukup untuk menjadi calon presiden tahun 2024-2029,"" terang Akhmad Gojali.

#IndonesiaKuat 
#BangkitBersama Prabowo Subianto"
2023-02-16 08:54:29+00:00,KisahPribumi,"""DPP Jokowi Mania (JoMan) memutuskan untuk mendukung Prabowo Subianto sebagai calon presiden 2024/2029,"" kata Sekjen Relawan JoMan Akhmad Gojali dalam konferensi pers di DPP JoMan, Jakarta Selatan.

#IndonesiaKuat 
#BangkitBersama Prabowo Subianto"
2023-02-16 08:54:28+00:00,KisahPribumi,"Relawan Jokowi Mania menyatakan dukungannya terhadap Ketum Gerindra Prabowo Subianto untuk maju sebagai calon presiden di Pemilu 2024. Dukungan ini dinyatakan beberapa saat setelah Relawan JoMan membubarkan Ganjar Pranowo Mania.

#IndonesiaKuat 
#BangkitBersama Prabowo Subianto"
2023-02-16 08:02:18+00:00,dikkambong_,"Prabowo pun terbahak saat ditanya kapan dia dan Khofifah akan deklarasi sebagai calon presiden dan cawapres.
Prabowo Subianto #IndonesiaKuat #IkutPakde"
2023-02-16 01:49:44+00:00,kompascom,"Jokowi Mania (Joman) memutuskan mendukung Prabowo Subianto sebagai calon presiden. Sebelumnya, mereka menarik dukungan terhadap Ganjar. https://t.co/pPSXRDNpQq"
2023-02-16 00:44:21+00:00,Pulpendid,"Dewan Pimpinan Pusat (DPP) Jokowi Mania Nusantara (Joman) memutuskan untuk mendukung Prabowo Subianto sebagai calon presiden (capres) dalam perhelatan pemilihan umum (pemilu) 2024 mendatang. Hal ini diungkapkan Sekretaris Jenderal (Sekjen) DPP Joman, Akhmad Gojali Harahap https://t.co/ptnC3qcmkD"
2023-02-15 14:37:57+00:00,kab_gerindratgl,"Relawan Jokowi Mania (Joman) resmi mendukung Ketua Umum (Ketum) Partai Gerindra Prabowo Subianto sebagai Calon Presiden (Capres) 2024.

#mendingprabowo
#prabowosubianto
#prabowo
#gerindra
#gerindrajateng
#gerindrajawatengah https://t.co/701WQUyRi3"
2023-02-15 14:27:08+00:00,klaten_kab,"Relawan Jokowi Mania (Joman) resmi mendukung Ketua Umum (Ketum) Partai Gerindra Prabowo Subianto sebagai Calon Presiden (Capres) 2024.
#mendingprabowo #prabowosubianto #prabowo
#gerindra #gerindrajateng #gerindrajawatengah https://t.co/Wfm0CHR9sI"
2023-02-15 11:03:26+00:00,sycamore_man,Gojali mengatakan alasan pertama adalah karena¬† Prabowo Subianto dianggap memiliki modal sosial yang cukup untuk menjadi calon presiden (Capres).¬† #IndonesiaKuat #BangkitBersama https://t.co/sZZDyFIozk
2023-02-15 10:56:26+00:00,icha687,Gojali mengatakan alasan pertama adalah karena¬† Prabowo Subianto dianggap memiliki modal sosial yang cukup untuk menjadi calon presiden (Capres).¬† #IndonesiaKuat #BangkitBersama https://t.co/mxJCh9Xg58
2023-02-15 10:39:45+00:00,NapiPKS,"Woman https://t.co/4oWPerxvp7

Relawan JoMan mendukung Ketua Umum Partai Gerindra Prabowo Subianto maju sebagai calon presiden (capres) di Pemilu 2024. Akankah JoMan ganti nama?"
2023-02-15 09:53:30+00:00,detikcom,"Partai Ummat resmi mendeklarasikan dukungan untuk Anies Baswedan sebagai calon presiden di Pilpres 2024. Sebelumnya, ada dua nama lain yang mencuat di rakernas mereka, yakni Prabowo Subianto dan Gatot Nurmantyo. https://t.co/bm0hgZ7kA6"
2023-02-15 09:37:08+00:00,detikcom,"Relawan Jokowi Mania mendukung Ketum Partai Gerindra Prabowo Subianto maju sebagai calon presiden di Pemilu 2024. Lalu, akankah JoMan ganti nama?  https://t.co/yq5WpUlTXS"
2023-02-15 09:03:32+00:00,tribunnewswiki,"Organisasi relawan pendukung Presiden Joko Widodo, Jokowi Mania Nusantara (Joman), memastikan akan memberi dukungan kepada Ketua Umum Partai Gerindra Prabowo Subianto sebagai calon presiden pada Pilpres 2024.

https://t.co/MnwhubYsSs"
2023-02-15 08:58:11+00:00,harrispradana_,"Terbaru, hasil survei Lembaga Survei dan Polling Indonesia (SPIN) terkait calon presiden atau capres di Pilpres 2024. #IndonesiaKuat  #IkutPakde Prabowo Subianto"
2023-02-15 08:22:18+00:00,TitikTerangNews,"Kelompok relawan Presiden RI Joko Widodo atau yang dikenal sebagai Jokowi Mania (Joman) menyatakan dukungan kepada Ketua Umum Partai Gerindra Prabowo Subianto untuk menjadi calon presiden (capres) pada Pilpres 2024.
 
#Pilpres2024 #JokoWidodo https://t.co/xlZEetNdUV"
2023-02-15 08:15:40+00:00,SSandala1,"‚òùÔ∏è _*""Pernyataan Sikap Bung Noell JOMAN (Eks-Ketua Umum Relawan Ganjar Pranowo MANIA/GP MANIA) yang Mendukung Prabowo Subianto sebagai Calon Presiden 2024..!!""*_ ‚úäüáÆüá© https://t.co/DjEgIIFCgy"
2023-02-15 08:00:09+00:00,mingskyyy_,"Menjabat sebagai Menhan sejak 2019, Prabowo kembali siap mencalonkan diri sebagai calon presiden (capres) pada pemilu 2024 mendatang.
#IndonesiaKuat #IkutPakde Prabowo Subianto"
2023-02-15 07:38:08+00:00,ratih_ploey,"""Ke depan, DPP Barisan Relawan Indonesia Kuat akan fokus memenangkan Prabowo Subianto. Adapun untuk calon wakil presiden, dia menyerahkan kepada Prabowo Subianto siapapun nantinya yang akan dipilih,"" pungkas Restianti.

Prabowo Subianto
#IndonesiaKuat #IkutPakde"
2023-02-15 07:38:07+00:00,ratih_ploey,"""Dan kami akan fokus di Pak Prabowo. Siapa saja (bakal calon wakil presiden,-red) kami semua mendukung beliau,"" tuturnya.

Prabowo Subianto
#IndonesiaKuat #IkutPakde"
2023-02-15 07:38:03+00:00,ratih_ploey,"Ketua Umum DPP BRIK, Restianti Salman mengatakan, Barisan Relawan Indonesia Kuat siap menangkan Prabowo Subianto sebagai calon presiden dalam Pemilu 2024.

Prabowo Subianto
#IndonesiaKuat #IkutPakde"
2023-02-15 07:26:05+00:00,papera_dpp,"Calon Presiden RI ke 8 Pak @Prabowo Subianto Dapat Gelar Warga Kehormatan Koprs Marinir.
@Prabowo
@Gerindra
@SudaryonoSudar 
@muzakirdon #prabowopresiden #prabowosubianto2024
#paperajaya #paperagerindra #papera #pedagangindonesia #pedagangpasar #massudarappsi #sudaryono #masdar https://t.co/eSBddfFHRF"
2023-02-15 05:38:17+00:00,badia_boru,"Jokowi mengatakan setelah dia memenangkan Pilpres 2014 dan 2019, maka saat ini adalah kesempatan bagi Prabowo Subianto untuk menjadi bakal calon presiden di Pilpres 2024.

#IndonesiaKuat #BangkitBersama"
2023-02-15 05:38:15+00:00,badia_boru,"Jokowi mengatakan setelah dia memenangkan Pilpres 2014 dan 2019, maka saat ini adalah kesempatan bagi Prabowo Subianto untuk menjadi bakal calon presiden di Pilpres 2024.

#IndonesiaKuat #BangkitBersama"
2023-02-15 04:19:38+00:00,ConstantinusMi,"Jokowi mengatakan setelah dia memenangkan Pilpres 2014 dan 2019, maka saat ini adalah kesempatan bagi Prabowo Subianto untuk menjadi bakal calon presiden di Pilpres 2024.

#IndonesiaKuat #BangkitBersama"
2023-02-15 04:19:37+00:00,ConstantinusMi,"Jokowi mengatakan setelah dia memenangkan Pilpres 2014 dan 2019, maka saat ini adalah kesempatan bagi Prabowo Subianto untuk menjadi bakal calon presiden di Pilpres 2024.

#IndonesiaKuat #BangkitBersama"
2023-02-14 17:31:50+00:00,NurulFittriia,"Dasco mengatakan Prabowo Subianto tidak pernah menghalang-halangi seseorang yang ingin berkarier, termasuk menjadi calon presiden maupun calon wakil presiden 2024.

capres2024

pemilu2024

dekade08

mendingprabowo"
2023-02-14 17:18:18+00:00,anngirayna,"Dasco mengatakan Prabowo Subianto tidak pernah menghalang-halangi seseorang yang ingin berkarier, termasuk menjadi calon presiden maupun calon wakil presiden 2024.

capres2024

pemilu2024

dekade08

mendingprabowo"
2023-02-14 14:58:20+00:00,ratih_ploey,"Jokowi mengatakan setelah dia memenangkan Pilpres 2014 dan 2019, maka saat ini adalah kesempatan bagi Prabowo Subianto untuk menjadi bakal calon presiden di Pilpres 2024.

#IndonesiaKuat #BangkitBersama"
2023-02-14 14:58:18+00:00,ratih_ploey,"Jokowi mengatakan setelah dia memenangkan Pilpres 2014 dan 2019, maka saat ini adalah kesempatan bagi Prabowo Subianto untuk menjadi bakal calon presiden di Pilpres 2024.

#IndonesiaKuat #BangkitBersama"
2023-02-14 10:42:31+00:00,JCLAPPLIANCE,"Menteri Pertahanan Prabowo Subianto terus menguat sebagai figur calon presiden melanjutkan kepemimpinan Presiden Joko Widodo pada Pilpres 2024 mendatang.
#IndonesiaKuat #BangkitBersama Prabowo Subianto"
2023-02-14 10:39:52+00:00,detikcom,"PKB tak khawatir dengan pertemuan antara Prabowo Subianto dengan Khofifah di Surabaya, Jatim. Ketua DPP PKB, Daniel Johan sebut keputusan muktamar memberi mandat Cak Imin untuk menjadi calon presiden. https://t.co/n7MsVuZITG"
2023-02-14 10:34:53+00:00,bicyclecorner,"Menteri Pertahanan Prabowo Subianto terus menguat sebagai figur calon presiden melanjutkan kepemimpinan Presiden Joko Widodo pada Pilpres 2024 mendatang.
#IndonesiaKuat #BangkitBersama Prabowo Subianto"
2023-02-14 10:15:22+00:00,harrispradana_,"Prabowo Subianto agar mencalonkan diri sebagai calon presiden (capres) di Pemilu 2024 mendatang.
#IndonesiaKuat #IkutPakde Prabowo Subianto"
2023-02-14 07:04:10+00:00,sthefanieau_,"Pamekasan (https://t.co/0QdBumRcHY) ‚Äì Calon Presiden Republik Indonesia, Prabowo Subianto mengharapkan doa terbaik dari masyarakat Madura. 
#PrabowoPeduli #IkutPakde Prabowo Subianto"
2023-02-14 06:59:33+00:00,harrispradana_,"Pada akhir pekan sebelumnya, Muhaimin Iskandar juga telah mendeklarasikan dirinya  sebagai calon presiden dari PKB.  #PrabowoPeduli #IkutPakde Prabowo Subianto"
2023-02-14 06:59:32+00:00,harrispradana_,Prabowo Subianto kemarin sudah menyatakan siap maju sebagai calon presiden pada Pilpres 2024.  #PrabowoPeduli #IkutPakde Prabowo Subianto
2023-02-14 05:22:21+00:00,sinta_tatit,"Seperti halnya di wilayah Kecamatan Kebomas, puluhan relawan yang tergabung dalam gerakan relawan Arek Gresik menggelar deklarasi dukungan pada Menteri Pertahanan Prabowo Subianto untuk menjadi calon presiden dalam Pilpres 2024.
#PrabowoSubianto 
#PrabowoPeduli 
#BangkitBersama"
2023-02-14 04:45:16+00:00,sinta_tatit,"Tuban ‚Äì Dukungan arus bawah  kepada  Prabowo Subianto terus mengalir sebagai calon Presiden pada pilpres 2024 di berbagai daerah.
#PrabowoSubianto 
#PrabowoPeduli 
#BangkitBersama"
2023-02-14 02:33:03+00:00,wildaafosma4,"Pengurus DPC Partai Gerindra Kabupaten Kudus, Jawa Tengah, memperkenalkan Ketua Umum Gerindra Prabowo Subianto sebagai calon presiden (Capres) untuk Pilpres 2024.

capres2024

pemilu2024

dekade08

mendingprabowo"
2023-02-14 02:30:48+00:00,dafinadia12,"Anies Baswedan , Menteri Pertahanan (Menhan) Prabowo Subianto , dan mantan Panglima TNI Gatot Nurmantyo masuk dalam daftar bakal calon presiden Partai Ummat .

capres2024

pemilu2024

dekade08

mendingprabowo"
2023-02-14 02:29:37+00:00,AlbahriZikri,"Pengurus DPC Partai Gerindra Kabupaten Kudus, Jawa Tengah, mulai memperkenalkan Ketua DPP Partai Gerindra Prabowo Subianto sebagai calon presiden (Capres) Pilpres 2024.

capres2024

pemilu2024

dekade08

mendingprabowo"
2023-02-14 02:28:03+00:00,claraxavv_,"Partai Ummat bakal mengundang 3 tokoh bakal calon presiden (bacapres) dalam Rakernas tersebut, yakni Anies Baswedan, Gatot Nurmantyo, dan Prabowo Subianto.

capres2024

pemilu2024

dekade08

mendingprabowo"
2023-02-14 02:27:44+00:00,yogabskr,"Ketua Umum Partai Gerindra Prabowo Subianto bisa diusung menjadi calon presiden dari koalisi KIB dan KIR.

capres2024

pemilu2024

dekade08

mendingprabowo"
2023-02-13 17:56:01+00:00,esputra15,"Pengurus DPC Partai Gerindra Kabupaten Kudus, Jawa Tengah, memperkenalkan Ketua Umum Gerindra Prabowo Subianto sebagai calon presiden (Capres) untuk Pilpres 2024.

capres2024

pemilu2024

dekade08

mendingprabowo"
2023-02-13 17:52:19+00:00,MelyaPuspita2,"Pengurus DPC Partai Gerindra Kabupaten Kudus, Jawa Tengah, mulai memperkenalkan Ketua DPP Partai Gerindra Prabowo Subianto sebagai calon presiden (Capres) Pilpres 2024.

capres2024

pemilu2024

dekade08

mendingprabowo"
2023-02-13 17:42:27+00:00,AdimekaSaskia,"Pengurus DPC Partai Gerindra Kabupaten Kudus, Jawa Tengah, memperkenalkan Ketua Umum Gerindra Prabowo Subianto sebagai calon presiden (Capres) untuk Pilpres 2024.

capres2024

pemilu2024

dekade08

mendingprabowo"
2023-02-13 17:39:03+00:00,AnastiDina,"Pengurus DPC Partai Gerindra Kabupaten Kudus, Jawa Tengah, mulai memperkenalkan Ketua DPP Partai Gerindra Prabowo Subianto sebagai calon presiden (Capres) Pilpres 2024.

capres2024

pemilu2024

dekade08

mendingprabowo"
2023-02-13 17:29:14+00:00,DhamarDito,"Pengurus DPC Partai Gerindra Kabupaten Kudus, Jawa Tengah, memperkenalkan Ketua Umum Gerindra Prabowo Subianto sebagai calon presiden (Capres) untuk Pilpres 2024.

capres2024

pemilu2024

dekade08

mendingprabowo"
2023-02-13 17:23:50+00:00,JakaNurdeena,"Ketua Umum Partai Gerindra Prabowo Subianto bisa diusung menjadi calon presiden dari koalisi KIB dan KIR.

capres2024

pemilu2024

dekade08

mendingprabowo"
2023-02-13 17:13:58+00:00,ElsaLestari271,"Anies Baswedan , Menteri Pertahanan (Menhan) Prabowo Subianto , dan mantan Panglima TNI Gatot Nurmantyo masuk dalam daftar bakal calon presiden Partai Ummat .

capres2024

pemilu2024

dekade08

mendingprabowo"
2023-02-13 17:12:47+00:00,LiyaniOktafiya,"Partai Ummat bakal mengundang 3 tokoh bakal calon presiden (bacapres) dalam Rakernas tersebut, yakni Anies Baswedan, Gatot Nurmantyo, dan Prabowo Subianto.

capres2024

pemilu2024

dekade08

mendingprabowo"
2023-02-13 17:12:14+00:00,FarisRaahman,"Pengurus DPC Partai Gerindra Kabupaten Kudus, Jawa Tengah, mulai memperkenalkan Ketua DPP Partai Gerindra Prabowo Subianto sebagai calon presiden (Capres) Pilpres 2024.

capres2024

pemilu2024

dekade08

mendingprabowo"
2023-02-13 17:10:22+00:00,anisha_sari2,"Ketua Umum Partai Gerindra Prabowo Subianto bisa diusung menjadi calon presiden dari koalisi KIB dan KIR.

capres2024

pemilu2024

dekade08

mendingprabowo"
2023-02-13 12:28:23+00:00,SitiSumiran,"""Pasangan calon presiden dan calon wakil presiden (capres-cawapres) yang unggul di Jawa Timur

Prabowo Subianto
#PrabowoPeduli
#BangkitBersama
#IndonesiaMenang"
2023-02-13 12:28:23+00:00,SitiSumiran,"akan menjadi pertempuran sengit sebagai penentu calon presiden 2024 mendatang.

Prabowo Subianto
#PrabowoPeduli
#BangkitBersama
#IndonesiaMenang"
2023-02-13 12:28:11+00:00,SitiSumiran,"Sebelumnya, Cak Imin mengatakan koalisi Gerindra-PKB masih berdiskusi terkait calon presiden dan calon wakil presiden 2024. Ia menyebut keputusan terkait itu memerlukan waktu. 

Prabowo Subianto
#PrabowoPeduli
#BangkitBersama
#IndonesiaMenang"
2023-02-13 12:17:28+00:00,SitiSumiran,"Jadi Pak Prabowo dan Muhaimin akan bertemu pada waktunya untuk memutuskan tentang nama calon presiden dan wakil presiden,"" kata Muzani

Prabowo Subianto
#PrabowoPeduli
#BangkitBersama
#IndonesiaMenang"
2023-02-13 08:44:39+00:00,harrispradana_,"Ketika dikonfirmasi pembicaraan yang akan dibahas menyangkut perihal calon wakil presiden (Cawapres), #PrabowoPeduli #IkutPakde Prabowo Subianto"
2023-02-13 07:03:12+00:00,harrispradana_,"Gus Aun memastikan, jika Prabowo kembali maju menjadi calon Presiden 2024 mendatang,

Prabowo Subianto
#PrabowoPeduli #IkutPakde"
2023-02-13 07:03:12+00:00,harrispradana_,"Kami akan kembali mendukung Prabowo jika kembali maju menjadi Calon Presiden 2024 mendatang,‚Äù tegasnya.

Prabowo Subianto
#PrabowoPeduli #IkutPakde"
2023-02-13 06:27:35+00:00,harrispradana_,"Jakarta, IDN Times ‚Äî Pengurus DPC Partai Gerindra Kabupaten Kudus, Jawa Tengah, memperkenalkan Ketua Umum Gerindra Prabowo Subianto sebagai calon presiden (Capres) untuk Pilpres 2024. #PrabowoPeduli #IkutPakde Prabowo Subianto"
2023-02-19 17:46:28+00:00,TiaraPangesti5,"Di antara semua bakal calon yang beredar, nama Prabowo Subianto paling cocok untuk didukung Presiden Jokowi.

capres2024

pemilu2024

dekade08

terusmajubersamaprabowo

mendingprabowo

Prabowo Lebih Baik"
2023-02-19 12:40:40+00:00,Ini_ajunk,"Usung Prabowo Subianto Calon Presiden 2024, Koalisi Antarpartai Masih Dinamis - https://t.co/hZI2Euk7ix https://t.co/6knrCBbp4L #IndonesiaKuat #BangkitBersama"
2023-02-19 12:40:40+00:00,Disuruh_Iben,"Prabowo Subianto:  Usung Prabowo Subianto Calon Presiden 2024, Koalisi Antarpartai Masih Dinamis - https://t.co/20zCcPoQpX https://t.co/wDXOGCo6qX #IndonesiaKuat #BangkitBersama"
2023-02-19 07:38:20+00:00,harrispradana_,"ekonomi pertanian membuat Prabowo Subianto menjadi calon paling ideal sebagai Presiden Republik Indonesia tahun 2024 
#IndonesiaKuat #IkutPakde Prabowo Subianto"
2023-02-19 06:21:02+00:00,harrispradana_,"Prabowo mengatakan Jokowi Mania telah menyampaikan dukungan kepada dia untuk maju sebagai calon presiden 2024.
#IndonesiaKuat #IkutPakde Prabowo Subianto"
2023-02-19 01:12:37+00:00,DadanHamdi,"Relawan Jokowi Mania atau Joman, mendukung prabowo Subianto sebagai calon presiden (capres) pada Pilpres 2024.

@prabowo

capres2024

pemilu2024

dekade08

terusmajubersamaprabowo

mendingprabowo

Prabowo Lebih Baik"
2023-02-18 17:55:54+00:00,MarcelSelvi,"Relawan Jokowi Mania atau Joman, mendukung prabowo Subianto sebagai calon presiden (capres) pada Pilpres 2024.

capres2024

pemilu2024

dekade08

terusmajubersamaprabowo

mendingprabowo

Prabowo Lebih Baik"
2023-02-18 17:50:44+00:00,c_agustin18,"Relawan Jokowi Mania, mendukung prabowo Subianto sebagai calon presiden (capres) pada Pilpres 2024.

capres2024

pemilu2024

dekade08

terusmajubersamaprabowo

mendingprabowo

Dukung Prabowo"
2023-02-18 17:43:29+00:00,DandiFajar8,"Relawan Jokowi Mania atau Joman, mendukung prabowo Subianto sebagai calon presiden (capres) pada Pilpres 2024.

capres2024

pemilu2024

dekade08

terusmajubersamaprabowo

mendingprabowo

Prabowo Lebih Baik"
2023-02-18 17:35:07+00:00,dellautami19,"Relawan Jokowi Mania, mendukung prabowo Subianto sebagai calon presiden (capres) pada Pilpres 2024.

capres2024

pemilu2024

dekade08

terusmajubersamaprabowo

mendingprabowo

Dukung Prabowo"
2023-02-18 17:29:10+00:00,AnastiDina,"Relawan Jokowi Mania atau Joman, mendukung prabowo Subianto sebagai calon presiden (capres) pada Pilpres 2024.

capres2024

pemilu2024

dekade08

terusmajubersamaprabowo

mendingprabowo

Prabowo Lebih Baik"
2023-02-18 17:21:36+00:00,linebellla,"Relawan Jokowi Mania, mendukung prabowo Subianto sebagai calon presiden (capres) pada Pilpres 2024.

capres2024

pemilu2024

dekade08

terusmajubersamaprabowo

mendingprabowo

Dukung Prabowo"
2023-02-18 10:49:00+00:00,PakpahanEdwind,@erickthohir Bapak Erik Tohir terhormat mauya terima aja calon wakil presiden sama pak Prabowo Subianto thn 2024 Bapak Erik Tohir terhormat
2023-02-18 07:01:55+00:00,YustrinaA,"Ketua Umum DPP Joman, Immanuel Ebenezer mengungkapkan beberapa prinsip yang menjadi alasan Joman memilih Prabowo Subianto sebagai calon presiden 2024.

@prabowo

capres2024

pemilu2024

dekade08

terusmajubersamaprabowo

mendingprabowo"
2023-02-18 06:23:22+00:00,YustrinaA,"""DPP Jokowi Mania (JoMan) memutuskan untuk mendukung Prabowo Subianto sebagai calon presiden 2024/2029,"" kata Sekjen Relawan JoMan Akhmad Gojali.

@prabowo

capres2024

pemilu2024

dekade08

terusmajubersamaprabowo

mendingprabowo"
2023-02-18 06:22:25+00:00,YustrinaA,"Relawan Jokowi Mania (JoMan) menyatakan dukungannya terhadap Ketua Umum Partai Gerindra Prabowo Subianto untuk maju sebagai calon presiden (capres) di Pemilu 2024.

@prabowo

capres2024

pemilu2024

dekade08

terusmajubersamaprabowo

mendingprabowo"
2023-02-18 01:56:05+00:00,andyyusuf22,Prabowo Subianto Adalah Calon Presiden Paling Resilien - https://t.co/Mhaj1u32N3 - https://t.co/Mhaj1u32N3 https://t.co/eJOekg2Ifs
2023-02-18 00:07:10+00:00,zrfaptrii_,"""DPP Jokowi Mania (JoMan) memutuskan untuk mendukung Prabowo Subianto sebagai calon presiden 2024/2029,"" ucap Sekjen Relawan JoMan Akhmad Gojali.

@prabowo

capres2024

pemilu2024

dekade08

terusmajubersamaprabowo

mendingprabowo"
2023-02-17 22:49:10+00:00,ArkanAmar1,"Ketua Umum DPP Joman, Immanuel Ebenezer mengungkapkan beberapa prinsip yang menjadi alasan Joman memilih Prabowo Subianto sebagai calon presiden 2024.

capres2024

pemilu2024

dekade08

terusmajubersamaprabowo

mendingprabowo"
2023-02-17 17:30:38+00:00,AzizahKumala8,"""DPP Jokowi Mania (JoMan) memutuskan untuk mendukung Prabowo Subianto sebagai calon presiden 2024/2029,"" ucap Sekjen Relawan JoMan Akhmad Gojali.

capres2024

pemilu2024

dekade08

terusmajubersamaprabowo

mendingprabowo"
2023-02-17 17:23:55+00:00,AndiniFauzziah,"""DPP Jokowi Mania (JoMan) memutuskan untuk mendukung Prabowo Subianto sebagai calon presiden 2024/2029,"" kata Sekjen Relawan JoMan Akhmad Gojali.

capres2024

pemilu2024

dekade08

terusmajubersamaprabowo

mendingprabowo"
2023-02-17 17:23:46+00:00,AlliiAkbbar,"Relawan Jokowi Mania (JoMan) menyatakan dukungannya terhadap Ketua Umum Partai Gerindra Prabowo Subianto untuk maju sebagai calon presiden (capres) di Pemilu 2024.

capres2024

pemilu2024

dekade08

terusmajubersamaprabowo

mendingprabowo"
2023-02-17 16:57:52+00:00,MashaNdeber,"maju sebagai calon presiden di Pemilu 2024. Immanuel Ebenezer atau Noel memastikan JoMan akan mengganti namanya menjadi Prabowo Mania 08.

Prabowo Subianto
#IndonesiaKuat
#BangkitBersama"
2023-02-17 16:56:24+00:00,MashaNdeber,"usai menyatakan dukungan kepada Prabowo untuk maju sebagai calon presiden kontestasi Pemilu 2024. 

Prabowo Subianto
#IndonesiaKuat
#BangkitBersama"
2023-02-17 13:59:33+00:00,terkinidotid,"Jokowi Mania Soal Ide Duet Prabowo dan Ganjar: Bagus, Itu Keren!: Relawan Jokowi Mania atau JoMan menanggapi soal wacana duet Prabowo Subianto dan Ganjar Pranowo sebagai calon presiden dan‚Ä¶ https://t.co/4it2yF8lj4 #News #duetprabowoganjar #jokowimaniaprabowo #jokowimaniaganjar"
2023-02-17 12:11:41+00:00,SwaraPita,"usai menyatakan dukungan kepada Prabowo untuk maju sebagai calon presiden kontestasi Pemilu 2024. 

Prabowo Subianto
#IndonesiaKuat
#BangkitBersama https://t.co/XyEvJ4Qza1"
2023-02-17 11:02:10+00:00,goentz1,"usai menyatakan dukungan kepada Prabowo untuk maju sebagai calon presiden kontestasi Pemilu 2024. 

Prabowo Subianto
#IndonesiaKuat
#BangkitBersama"
2023-02-17 10:44:19+00:00,Ayunin___,"Bakal calon presiden NasDem Anies Baswedan mengungkap tidak pernah ada perjanjian dengan Ketua Umum Gerindra Prabowo Subianto tidak akan menjadi calon presiden setelah Pilpres 2019.

https://t.co/FKb8Syvttv"
2023-02-17 10:16:20+00:00,mercifulove,"Nama Prabowo Subianto kembali meraih elektabilitas tertinggi dibandingkan dengan calon presiden (capres) lainnya.
#IndonesiaKuat #IkutPakde"
2023-02-17 07:54:35+00:00,inilahdotcom,"Belakangan nama Gubernur Jawa Timur Khofifah Indar Parawansa mencuat dalam bursa calon wakil presiden (cawapres), terakhir Ketua Umum Gerindra Prabowo Subianto pun menyempatkan diri untuk bertemu empat mata dengan Khofifah. Kondisi ini nampaknya membuat‚Ä¶ https://t.co/LbliOSToA6"
2023-02-17 05:07:41+00:00,ratih_ploey,"Jokowi membantah kalau pujian Prabowo datang karena dirinya sudah memberi restu kepada Prabowo untuk maju sebagai Calon Presiden (Capres) pada Pemilu Presiden atau Pilpres 2024.
Prabowo Subianto 
 #IndonesiaKuat #BangkitBersama"
2023-02-17 03:37:40+00:00,andystwn4,"Relawan Jokowi Mania mendukung Prabowo Subianto sebagai calon presiden di Pilpres 2024 mendatang. 
#IndonesiaKuat #IkutPakde Prabowo Subianto"
2023-02-16 14:05:30+00:00,gerindra_ktmgl,"Relawan Jokowi Mania (Joman) resmi mendukung Ketua Umum (Ketum) Partai Gerindra Prabowo Subianto sebagai Calon Presiden (Capres) 2024.

#jomandukungprabowo
#mendingprabowo
#prabowo
#prabowosubianto
#gerindra
#gerindrajawatengah
#gerindrajateng
#gerindrakotamagelang https://t.co/tUDEHzpRln"
2023-02-16 13:21:57+00:00,KomopaKegame,"ingatkan Pilpres kepada 
Seluru Penyelengara Maupung Masyarakat yg ada di sekitar provinsi papua dan  
Papua lainnya yaitu.
1.Bapak Calon presiden Prabowo subianto  dan
2.Bapak Calon presiden Ganjar pranowo 
Kita tdk perlu kasih suara oleh 2 orng Calon pilpres ini thn 2023/2024"
2023-02-16 12:24:00+00:00,detikcom,Partai Gerindra berharap JoMan tulus mendukung Ketum Partai Gerindra Prabowo Subianto maju sebagai calon presiden. https://t.co/0LGU1lTwMS
2023-02-16 11:44:45+00:00,MashaNdeber,"terkait dengan arahan dukungan mereka terhadap calon presiden dan calon wakil presiden di Pilpres 2024.

Prabowo Subianto
#IndonesiaKuat
#BangkitBersama"
2023-02-16 11:39:42+00:00,MashaNdeber,"Setelah pembubaran relawan pendukung Gubernur Jawa Tengah itu sebagai calon presiden di Pilpres 2024, 

Prabowo Subianto
#IndonesiaKuat
#BangkitBersama"
2023-02-16 11:33:20+00:00,SitiSumiran,"sebagai salah satu calon presiden (capres) terus merangkak naik.

Prabowo Subianto
#Prabowo
#IndonesiaKuat
#IndonesiaBangkit
#BangkitBersama"
2023-02-16 11:05:10+00:00,icha687,Gojali mengatakan alasan pertama adalah karena¬† Prabowo Subianto dianggap memiliki modal sosial yang cukup untuk menjadi calon presiden (Capres).¬† #IndonesiaKuat #BangkitBersama https://t.co/8KrQVbf5Wj
2023-02-16 10:54:12+00:00,mercifulove,"https://t.co/ofkEW1Fnui, Malang - Calon presiden Prabowo Subianto menyatakan sangat berutang budi pada petani dan nelayan karena merekalah yang banyak membantu Prabowo dan pasukan saat ia masih menjadi tentara.
#IndonesiaKuat #IkutPakde"
2023-02-16 09:42:53+00:00,zxnm88473822,"&amp;quot;Kita tiba-tiba dikagetkan saja beliau deklarasikan calon presiden tanpa pamit dengan
Gerindra dan pak Prabowo.#IndonesiaKuat #IkutPakde Prabowo Subianto"
2023-02-16 08:02:18+00:00,dikkambong_,"Prabowo pun terbahak saat ditanya kapan dia dan Khofifah akan deklarasi sebagai calon presiden dan cawapres.
Prabowo Subianto #IndonesiaKuat #IkutPakde"
2023-02-16 01:49:44+00:00,kompascom,"Jokowi Mania (Joman) memutuskan mendukung Prabowo Subianto sebagai calon presiden. Sebelumnya, mereka menarik dukungan terhadap Ganjar. https://t.co/pPSXRDNpQq"
2023-02-16 00:44:21+00:00,Pulpendid,"Dewan Pimpinan Pusat (DPP) Jokowi Mania Nusantara (Joman) memutuskan untuk mendukung Prabowo Subianto sebagai calon presiden (capres) dalam perhelatan pemilihan umum (pemilu) 2024 mendatang. Hal ini diungkapkan Sekretaris Jenderal (Sekjen) DPP Joman, Akhmad Gojali Harahap https://t.co/ptnC3qcmkD"
2023-02-15 14:37:57+00:00,kab_gerindratgl,"Relawan Jokowi Mania (Joman) resmi mendukung Ketua Umum (Ketum) Partai Gerindra Prabowo Subianto sebagai Calon Presiden (Capres) 2024.

#mendingprabowo
#prabowosubianto
#prabowo
#gerindra
#gerindrajateng
#gerindrajawatengah https://t.co/701WQUyRi3"
2023-02-15 14:27:08+00:00,klaten_kab,"Relawan Jokowi Mania (Joman) resmi mendukung Ketua Umum (Ketum) Partai Gerindra Prabowo Subianto sebagai Calon Presiden (Capres) 2024.
#mendingprabowo #prabowosubianto #prabowo
#gerindra #gerindrajateng #gerindrajawatengah https://t.co/Wfm0CHR9sI"
2023-02-15 11:03:26+00:00,sycamore_man,Gojali mengatakan alasan pertama adalah karena¬† Prabowo Subianto dianggap memiliki modal sosial yang cukup untuk menjadi calon presiden (Capres).¬† #IndonesiaKuat #BangkitBersama https://t.co/sZZDyFIozk
2023-02-15 10:56:26+00:00,icha687,Gojali mengatakan alasan pertama adalah karena¬† Prabowo Subianto dianggap memiliki modal sosial yang cukup untuk menjadi calon presiden (Capres).¬† #IndonesiaKuat #BangkitBersama https://t.co/mxJCh9Xg58
2023-02-15 10:39:45+00:00,NapiPKS,"Woman https://t.co/4oWPerxvp7

Relawan JoMan mendukung Ketua Umum Partai Gerindra Prabowo Subianto maju sebagai calon presiden (capres) di Pemilu 2024. Akankah JoMan ganti nama?"
2023-02-15 09:53:30+00:00,detikcom,"Partai Ummat resmi mendeklarasikan dukungan untuk Anies Baswedan sebagai calon presiden di Pilpres 2024. Sebelumnya, ada dua nama lain yang mencuat di rakernas mereka, yakni Prabowo Subianto dan Gatot Nurmantyo. https://t.co/bm0hgZ7kA6"
2023-02-15 09:37:08+00:00,detikcom,"Relawan Jokowi Mania mendukung Ketum Partai Gerindra Prabowo Subianto maju sebagai calon presiden di Pemilu 2024. Lalu, akankah JoMan ganti nama?  https://t.co/yq5WpUlTXS"
2023-02-15 09:03:32+00:00,tribunnewswiki,"Organisasi relawan pendukung Presiden Joko Widodo, Jokowi Mania Nusantara (Joman), memastikan akan memberi dukungan kepada Ketua Umum Partai Gerindra Prabowo Subianto sebagai calon presiden pada Pilpres 2024.

https://t.co/MnwhubYsSs"
2023-02-15 08:58:11+00:00,harrispradana_,"Terbaru, hasil survei Lembaga Survei dan Polling Indonesia (SPIN) terkait calon presiden atau capres di Pilpres 2024. #IndonesiaKuat  #IkutPakde Prabowo Subianto"
2023-02-15 08:22:18+00:00,TitikTerangNews,"Kelompok relawan Presiden RI Joko Widodo atau yang dikenal sebagai Jokowi Mania (Joman) menyatakan dukungan kepada Ketua Umum Partai Gerindra Prabowo Subianto untuk menjadi calon presiden (capres) pada Pilpres 2024.
 
#Pilpres2024 #JokoWidodo https://t.co/xlZEetNdUV"
2023-02-15 08:15:40+00:00,SSandala1,"‚òùÔ∏è _*""Pernyataan Sikap Bung Noell JOMAN (Eks-Ketua Umum Relawan Ganjar Pranowo MANIA/GP MANIA) yang Mendukung Prabowo Subianto sebagai Calon Presiden 2024..!!""*_ ‚úäüáÆüá© https://t.co/DjEgIIFCgy"
2023-02-15 08:00:09+00:00,mingskyyy_,"Menjabat sebagai Menhan sejak 2019, Prabowo kembali siap mencalonkan diri sebagai calon presiden (capres) pada pemilu 2024 mendatang.
#IndonesiaKuat #IkutPakde Prabowo Subianto"
2023-02-15 07:38:08+00:00,ratih_ploey,"""Ke depan, DPP Barisan Relawan Indonesia Kuat akan fokus memenangkan Prabowo Subianto. Adapun untuk calon wakil presiden, dia menyerahkan kepada Prabowo Subianto siapapun nantinya yang akan dipilih,"" pungkas Restianti.

Prabowo Subianto
#IndonesiaKuat #IkutPakde"
2023-02-15 07:38:07+00:00,ratih_ploey,"""Dan kami akan fokus di Pak Prabowo. Siapa saja (bakal calon wakil presiden,-red) kami semua mendukung beliau,"" tuturnya.

Prabowo Subianto
#IndonesiaKuat #IkutPakde"
2023-02-15 07:38:03+00:00,ratih_ploey,"Ketua Umum DPP BRIK, Restianti Salman mengatakan, Barisan Relawan Indonesia Kuat siap menangkan Prabowo Subianto sebagai calon presiden dalam Pemilu 2024.

Prabowo Subianto
#IndonesiaKuat #IkutPakde"
2023-02-15 07:26:05+00:00,papera_dpp,"Calon Presiden RI ke 8 Pak @Prabowo Subianto Dapat Gelar Warga Kehormatan Koprs Marinir.
@Prabowo
@Gerindra
@SudaryonoSudar 
@muzakirdon #prabowopresiden #prabowosubianto2024
#paperajaya #paperagerindra #papera #pedagangindonesia #pedagangpasar #massudarappsi #sudaryono #masdar https://t.co/eSBddfFHRF"
2023-02-15 05:38:17+00:00,badia_boru,"Jokowi mengatakan setelah dia memenangkan Pilpres 2014 dan 2019, maka saat ini adalah kesempatan bagi Prabowo Subianto untuk menjadi bakal calon presiden di Pilpres 2024.

#IndonesiaKuat #BangkitBersama"
2023-02-15 05:38:15+00:00,badia_boru,"Jokowi mengatakan setelah dia memenangkan Pilpres 2014 dan 2019, maka saat ini adalah kesempatan bagi Prabowo Subianto untuk menjadi bakal calon presiden di Pilpres 2024.

#IndonesiaKuat #BangkitBersama"
2023-02-15 04:19:38+00:00,ConstantinusMi,"Jokowi mengatakan setelah dia memenangkan Pilpres 2014 dan 2019, maka saat ini adalah kesempatan bagi Prabowo Subianto untuk menjadi bakal calon presiden di Pilpres 2024.

#IndonesiaKuat #BangkitBersama"
2023-02-15 04:19:37+00:00,ConstantinusMi,"Jokowi mengatakan setelah dia memenangkan Pilpres 2014 dan 2019, maka saat ini adalah kesempatan bagi Prabowo Subianto untuk menjadi bakal calon presiden di Pilpres 2024.

#IndonesiaKuat #BangkitBersama"
2023-02-14 17:31:50+00:00,NurulFittriia,"Dasco mengatakan Prabowo Subianto tidak pernah menghalang-halangi seseorang yang ingin berkarier, termasuk menjadi calon presiden maupun calon wakil presiden 2024.

capres2024

pemilu2024

dekade08

mendingprabowo"
2023-02-14 17:18:18+00:00,anngirayna,"Dasco mengatakan Prabowo Subianto tidak pernah menghalang-halangi seseorang yang ingin berkarier, termasuk menjadi calon presiden maupun calon wakil presiden 2024.

capres2024

pemilu2024

dekade08

mendingprabowo"
2023-02-14 14:58:20+00:00,ratih_ploey,"Jokowi mengatakan setelah dia memenangkan Pilpres 2014 dan 2019, maka saat ini adalah kesempatan bagi Prabowo Subianto untuk menjadi bakal calon presiden di Pilpres 2024.

#IndonesiaKuat #BangkitBersama"
2023-02-14 14:58:18+00:00,ratih_ploey,"Jokowi mengatakan setelah dia memenangkan Pilpres 2014 dan 2019, maka saat ini adalah kesempatan bagi Prabowo Subianto untuk menjadi bakal calon presiden di Pilpres 2024.

#IndonesiaKuat #BangkitBersama"
2023-02-14 10:42:31+00:00,JCLAPPLIANCE,"Menteri Pertahanan Prabowo Subianto terus menguat sebagai figur calon presiden melanjutkan kepemimpinan Presiden Joko Widodo pada Pilpres 2024 mendatang.
#IndonesiaKuat #BangkitBersama Prabowo Subianto"
2023-02-14 10:39:52+00:00,detikcom,"PKB tak khawatir dengan pertemuan antara Prabowo Subianto dengan Khofifah di Surabaya, Jatim. Ketua DPP PKB, Daniel Johan sebut keputusan muktamar memberi mandat Cak Imin untuk menjadi calon presiden. https://t.co/n7MsVuZITG"
2023-02-14 10:34:53+00:00,bicyclecorner,"Menteri Pertahanan Prabowo Subianto terus menguat sebagai figur calon presiden melanjutkan kepemimpinan Presiden Joko Widodo pada Pilpres 2024 mendatang.
#IndonesiaKuat #BangkitBersama Prabowo Subianto"
2023-02-14 10:15:22+00:00,harrispradana_,"Prabowo Subianto agar mencalonkan diri sebagai calon presiden (capres) di Pemilu 2024 mendatang.
#IndonesiaKuat #IkutPakde Prabowo Subianto"
2023-02-14 07:04:10+00:00,sthefanieau_,"Pamekasan (https://t.co/0QdBumRcHY) ‚Äì Calon Presiden Republik Indonesia, Prabowo Subianto mengharapkan doa terbaik dari masyarakat Madura. 
#PrabowoPeduli #IkutPakde Prabowo Subianto"
2023-02-14 06:59:33+00:00,harrispradana_,"Pada akhir pekan sebelumnya, Muhaimin Iskandar juga telah mendeklarasikan dirinya  sebagai calon presiden dari PKB.  #PrabowoPeduli #IkutPakde Prabowo Subianto"
2023-02-14 06:59:32+00:00,harrispradana_,Prabowo Subianto kemarin sudah menyatakan siap maju sebagai calon presiden pada Pilpres 2024.  #PrabowoPeduli #IkutPakde Prabowo Subianto
2023-02-14 05:22:21+00:00,sinta_tatit,"Seperti halnya di wilayah Kecamatan Kebomas, puluhan relawan yang tergabung dalam gerakan relawan Arek Gresik menggelar deklarasi dukungan pada Menteri Pertahanan Prabowo Subianto untuk menjadi calon presiden dalam Pilpres 2024.
#PrabowoSubianto 
#PrabowoPeduli 
#BangkitBersama"
2023-02-14 04:45:16+00:00,sinta_tatit,"Tuban ‚Äì Dukungan arus bawah  kepada  Prabowo Subianto terus mengalir sebagai calon Presiden pada pilpres 2024 di berbagai daerah.
#PrabowoSubianto 
#PrabowoPeduli 
#BangkitBersama"
2023-02-14 02:33:03+00:00,wildaafosma4,"Pengurus DPC Partai Gerindra Kabupaten Kudus, Jawa Tengah, memperkenalkan Ketua Umum Gerindra Prabowo Subianto sebagai calon presiden (Capres) untuk Pilpres 2024.

capres2024

pemilu2024

dekade08

mendingprabowo"
2023-02-14 02:30:48+00:00,dafinadia12,"Anies Baswedan , Menteri Pertahanan (Menhan) Prabowo Subianto , dan mantan Panglima TNI Gatot Nurmantyo masuk dalam daftar bakal calon presiden Partai Ummat .

capres2024

pemilu2024

dekade08

mendingprabowo"
2023-02-13 17:56:01+00:00,esputra15,"Pengurus DPC Partai Gerindra Kabupaten Kudus, Jawa Tengah, memperkenalkan Ketua Umum Gerindra Prabowo Subianto sebagai calon presiden (Capres) untuk Pilpres 2024.

capres2024

pemilu2024

dekade08

mendingprabowo"
2023-02-13 17:42:27+00:00,AdimekaSaskia,"Pengurus DPC Partai Gerindra Kabupaten Kudus, Jawa Tengah, memperkenalkan Ketua Umum Gerindra Prabowo Subianto sebagai calon presiden (Capres) untuk Pilpres 2024.

capres2024

pemilu2024

dekade08

mendingprabowo"
2023-02-13 17:39:03+00:00,AnastiDina,"Pengurus DPC Partai Gerindra Kabupaten Kudus, Jawa Tengah, mulai memperkenalkan Ketua DPP Partai Gerindra Prabowo Subianto sebagai calon presiden (Capres) Pilpres 2024.

capres2024

pemilu2024

dekade08

mendingprabowo"
2023-02-13 17:29:14+00:00,DhamarDito,"Pengurus DPC Partai Gerindra Kabupaten Kudus, Jawa Tengah, memperkenalkan Ketua Umum Gerindra Prabowo Subianto sebagai calon presiden (Capres) untuk Pilpres 2024.

capres2024

pemilu2024

dekade08

mendingprabowo"
2023-02-19 17:46:28+00:00,TiaraPangesti5,"Di antara semua bakal calon yang beredar, nama Prabowo Subianto paling cocok untuk didukung Presiden Jokowi.

capres2024

pemilu2024

dekade08

terusmajubersamaprabowo

mendingprabowo

Prabowo Lebih Baik"
2023-02-19 12:40:40+00:00,Ini_ajunk,"Usung Prabowo Subianto Calon Presiden 2024, Koalisi Antarpartai Masih Dinamis - https://t.co/hZI2Euk7ix https://t.co/6knrCBbp4L #IndonesiaKuat #BangkitBersama"
2023-02-19 12:40:40+00:00,Disuruh_Iben,"Prabowo Subianto:  Usung Prabowo Subianto Calon Presiden 2024, Koalisi Antarpartai Masih Dinamis - https://t.co/20zCcPoQpX https://t.co/wDXOGCo6qX #IndonesiaKuat #BangkitBersama"
2023-02-19 07:38:20+00:00,harrispradana_,"ekonomi pertanian membuat Prabowo Subianto menjadi calon paling ideal sebagai Presiden Republik Indonesia tahun 2024 
#IndonesiaKuat #IkutPakde Prabowo Subianto"
2023-02-19 06:21:02+00:00,harrispradana_,"Prabowo mengatakan Jokowi Mania telah menyampaikan dukungan kepada dia untuk maju sebagai calon presiden 2024.
#IndonesiaKuat #IkutPakde Prabowo Subianto"
2023-02-19 01:12:37+00:00,DadanHamdi,"Relawan Jokowi Mania atau Joman, mendukung prabowo Subianto sebagai calon presiden (capres) pada Pilpres 2024.

@prabowo

capres2024

pemilu2024

dekade08

terusmajubersamaprabowo

mendingprabowo

Prabowo Lebih Baik"
2023-02-18 17:55:54+00:00,MarcelSelvi,"Relawan Jokowi Mania atau Joman, mendukung prabowo Subianto sebagai calon presiden (capres) pada Pilpres 2024.

capres2024

pemilu2024

dekade08

terusmajubersamaprabowo

mendingprabowo

Prabowo Lebih Baik"
2023-02-18 17:50:44+00:00,c_agustin18,"Relawan Jokowi Mania, mendukung prabowo Subianto sebagai calon presiden (capres) pada Pilpres 2024.

capres2024

pemilu2024

dekade08

terusmajubersamaprabowo

mendingprabowo

Dukung Prabowo"
2023-02-18 17:43:29+00:00,DandiFajar8,"Relawan Jokowi Mania atau Joman, mendukung prabowo Subianto sebagai calon presiden (capres) pada Pilpres 2024.

capres2024

pemilu2024

dekade08

terusmajubersamaprabowo

mendingprabowo

Prabowo Lebih Baik"
2023-02-18 17:35:07+00:00,dellautami19,"Relawan Jokowi Mania, mendukung prabowo Subianto sebagai calon presiden (capres) pada Pilpres 2024.

capres2024

pemilu2024

dekade08

terusmajubersamaprabowo

mendingprabowo

Dukung Prabowo"
2023-02-18 17:29:10+00:00,AnastiDina,"Relawan Jokowi Mania atau Joman, mendukung prabowo Subianto sebagai calon presiden (capres) pada Pilpres 2024.

capres2024

pemilu2024

dekade08

terusmajubersamaprabowo

mendingprabowo

Prabowo Lebih Baik"
2023-02-18 17:21:36+00:00,linebellla,"Relawan Jokowi Mania, mendukung prabowo Subianto sebagai calon presiden (capres) pada Pilpres 2024.

capres2024

pemilu2024

dekade08

terusmajubersamaprabowo

mendingprabowo

Dukung Prabowo"
2023-02-18 10:49:00+00:00,PakpahanEdwind,@erickthohir Bapak Erik Tohir terhormat mauya terima aja calon wakil presiden sama pak Prabowo Subianto thn 2024 Bapak Erik Tohir terhormat
2023-02-18 07:01:55+00:00,YustrinaA,"Ketua Umum DPP Joman, Immanuel Ebenezer mengungkapkan beberapa prinsip yang menjadi alasan Joman memilih Prabowo Subianto sebagai calon presiden 2024.

@prabowo

capres2024

pemilu2024

dekade08

terusmajubersamaprabowo

mendingprabowo"
2023-02-18 06:23:22+00:00,YustrinaA,"""DPP Jokowi Mania (JoMan) memutuskan untuk mendukung Prabowo Subianto sebagai calon presiden 2024/2029,"" kata Sekjen Relawan JoMan Akhmad Gojali.

@prabowo

capres2024

pemilu2024

dekade08

terusmajubersamaprabowo

mendingprabowo"
2023-02-18 06:22:25+00:00,YustrinaA,"Relawan Jokowi Mania (JoMan) menyatakan dukungannya terhadap Ketua Umum Partai Gerindra Prabowo Subianto untuk maju sebagai calon presiden (capres) di Pemilu 2024.

@prabowo

capres2024

pemilu2024

dekade08

terusmajubersamaprabowo

mendingprabowo"
2023-02-18 01:56:05+00:00,andyyusuf22,Prabowo Subianto Adalah Calon Presiden Paling Resilien - https://t.co/Mhaj1u32N3 - https://t.co/Mhaj1u32N3 https://t.co/eJOekg2Ifs
2023-02-18 00:07:10+00:00,zrfaptrii_,"""DPP Jokowi Mania (JoMan) memutuskan untuk mendukung Prabowo Subianto sebagai calon presiden 2024/2029,"" ucap Sekjen Relawan JoMan Akhmad Gojali.

@prabowo

capres2024

pemilu2024

dekade08

terusmajubersamaprabowo

mendingprabowo"
2023-02-17 22:49:10+00:00,ArkanAmar1,"Ketua Umum DPP Joman, Immanuel Ebenezer mengungkapkan beberapa prinsip yang menjadi alasan Joman memilih Prabowo Subianto sebagai calon presiden 2024.

capres2024

pemilu2024

dekade08

terusmajubersamaprabowo

mendingprabowo"
2023-02-17 17:30:38+00:00,AzizahKumala8,"""DPP Jokowi Mania (JoMan) memutuskan untuk mendukung Prabowo Subianto sebagai calon presiden 2024/2029,"" ucap Sekjen Relawan JoMan Akhmad Gojali.

capres2024

pemilu2024

dekade08

terusmajubersamaprabowo

mendingprabowo"
2023-02-17 17:23:55+00:00,AndiniFauzziah,"""DPP Jokowi Mania (JoMan) memutuskan untuk mendukung Prabowo Subianto sebagai calon presiden 2024/2029,"" kata Sekjen Relawan JoMan Akhmad Gojali.

capres2024

pemilu2024

dekade08

terusmajubersamaprabowo

mendingprabowo"
2023-02-17 17:23:46+00:00,AlliiAkbbar,"Relawan Jokowi Mania (JoMan) menyatakan dukungannya terhadap Ketua Umum Partai Gerindra Prabowo Subianto untuk maju sebagai calon presiden (capres) di Pemilu 2024.

capres2024

pemilu2024

dekade08

terusmajubersamaprabowo

mendingprabowo"
2023-02-17 16:57:52+00:00,MashaNdeber,"maju sebagai calon presiden di Pemilu 2024. Immanuel Ebenezer atau Noel memastikan JoMan akan mengganti namanya menjadi Prabowo Mania 08.

Prabowo Subianto
#IndonesiaKuat
#BangkitBersama"
2023-02-17 16:56:24+00:00,MashaNdeber,"usai menyatakan dukungan kepada Prabowo untuk maju sebagai calon presiden kontestasi Pemilu 2024. 

Prabowo Subianto
#IndonesiaKuat
#BangkitBersama"
2023-02-17 13:59:33+00:00,terkinidotid,"Jokowi Mania Soal Ide Duet Prabowo dan Ganjar: Bagus, Itu Keren!: Relawan Jokowi Mania atau JoMan menanggapi soal wacana duet Prabowo Subianto dan Ganjar Pranowo sebagai calon presiden dan‚Ä¶ https://t.co/4it2yF8lj4 #News #duetprabowoganjar #jokowimaniaprabowo #jokowimaniaganjar"
2023-02-17 12:11:41+00:00,SwaraPita,"usai menyatakan dukungan kepada Prabowo untuk maju sebagai calon presiden kontestasi Pemilu 2024. 

Prabowo Subianto
#IndonesiaKuat
#BangkitBersama https://t.co/XyEvJ4Qza1"
2023-02-17 11:02:10+00:00,goentz1,"usai menyatakan dukungan kepada Prabowo untuk maju sebagai calon presiden kontestasi Pemilu 2024. 

Prabowo Subianto
#IndonesiaKuat
#BangkitBersama"
2023-02-17 10:44:19+00:00,Ayunin___,"Bakal calon presiden NasDem Anies Baswedan mengungkap tidak pernah ada perjanjian dengan Ketua Umum Gerindra Prabowo Subianto tidak akan menjadi calon presiden setelah Pilpres 2019.

https://t.co/FKb8Syvttv"
2023-02-17 10:16:20+00:00,mercifulove,"Nama Prabowo Subianto kembali meraih elektabilitas tertinggi dibandingkan dengan calon presiden (capres) lainnya.
#IndonesiaKuat #IkutPakde"
2023-02-17 07:54:35+00:00,inilahdotcom,"Belakangan nama Gubernur Jawa Timur Khofifah Indar Parawansa mencuat dalam bursa calon wakil presiden (cawapres), terakhir Ketua Umum Gerindra Prabowo Subianto pun menyempatkan diri untuk bertemu empat mata dengan Khofifah. Kondisi ini nampaknya membuat‚Ä¶ https://t.co/LbliOSToA6"
2023-02-17 05:07:41+00:00,ratih_ploey,"Jokowi membantah kalau pujian Prabowo datang karena dirinya sudah memberi restu kepada Prabowo untuk maju sebagai Calon Presiden (Capres) pada Pemilu Presiden atau Pilpres 2024.
Prabowo Subianto 
 #IndonesiaKuat #BangkitBersama"
2023-02-17 03:37:40+00:00,andystwn4,"Relawan Jokowi Mania mendukung Prabowo Subianto sebagai calon presiden di Pilpres 2024 mendatang. 
#IndonesiaKuat #IkutPakde Prabowo Subianto"
2023-02-16 14:05:30+00:00,gerindra_ktmgl,"Relawan Jokowi Mania (Joman) resmi mendukung Ketua Umum (Ketum) Partai Gerindra Prabowo Subianto sebagai Calon Presiden (Capres) 2024.

#jomandukungprabowo
#mendingprabowo
#prabowo
#prabowosubianto
#gerindra
#gerindrajawatengah
#gerindrajateng
#gerindrakotamagelang https://t.co/tUDEHzpRln"
2023-02-16 13:21:57+00:00,KomopaKegame,"ingatkan Pilpres kepada 
Seluru Penyelengara Maupung Masyarakat yg ada di sekitar provinsi papua dan  
Papua lainnya yaitu.
1.Bapak Calon presiden Prabowo subianto  dan
2.Bapak Calon presiden Ganjar pranowo 
Kita tdk perlu kasih suara oleh 2 orng Calon pilpres ini thn 2023/2024"
2023-02-16 12:24:00+00:00,detikcom,Partai Gerindra berharap JoMan tulus mendukung Ketum Partai Gerindra Prabowo Subianto maju sebagai calon presiden. https://t.co/0LGU1lTwMS
2023-02-16 11:44:45+00:00,MashaNdeber,"terkait dengan arahan dukungan mereka terhadap calon presiden dan calon wakil presiden di Pilpres 2024.

Prabowo Subianto
#IndonesiaKuat
#BangkitBersama"
2023-02-16 11:39:42+00:00,MashaNdeber,"Setelah pembubaran relawan pendukung Gubernur Jawa Tengah itu sebagai calon presiden di Pilpres 2024, 

Prabowo Subianto
#IndonesiaKuat
#BangkitBersama"
2023-02-16 11:33:20+00:00,SitiSumiran,"sebagai salah satu calon presiden (capres) terus merangkak naik.

Prabowo Subianto
#Prabowo
#IndonesiaKuat
#IndonesiaBangkit
#BangkitBersama"
2023-02-16 11:05:10+00:00,icha687,Gojali mengatakan alasan pertama adalah karena¬† Prabowo Subianto dianggap memiliki modal sosial yang cukup untuk menjadi calon presiden (Capres).¬† #IndonesiaKuat #BangkitBersama https://t.co/8KrQVbf5Wj
2023-02-16 10:54:12+00:00,mercifulove,"https://t.co/ofkEW1Fnui, Malang - Calon presiden Prabowo Subianto menyatakan sangat berutang budi pada petani dan nelayan karena merekalah yang banyak membantu Prabowo dan pasukan saat ia masih menjadi tentara.
#IndonesiaKuat #IkutPakde"
2023-02-16 09:42:53+00:00,zxnm88473822,"&amp;quot;Kita tiba-tiba dikagetkan saja beliau deklarasikan calon presiden tanpa pamit dengan
Gerindra dan pak Prabowo.#IndonesiaKuat #IkutPakde Prabowo Subianto"
2023-02-16 08:02:18+00:00,dikkambong_,"Prabowo pun terbahak saat ditanya kapan dia dan Khofifah akan deklarasi sebagai calon presiden dan cawapres.
Prabowo Subianto #IndonesiaKuat #IkutPakde"
2023-02-16 01:49:44+00:00,kompascom,"Jokowi Mania (Joman) memutuskan mendukung Prabowo Subianto sebagai calon presiden. Sebelumnya, mereka menarik dukungan terhadap Ganjar. https://t.co/pPSXRDNpQq"
2023-02-16 00:44:21+00:00,Pulpendid,"Dewan Pimpinan Pusat (DPP) Jokowi Mania Nusantara (Joman) memutuskan untuk mendukung Prabowo Subianto sebagai calon presiden (capres) dalam perhelatan pemilihan umum (pemilu) 2024 mendatang. Hal ini diungkapkan Sekretaris Jenderal (Sekjen) DPP Joman, Akhmad Gojali Harahap https://t.co/ptnC3qcmkD"
2023-02-15 14:37:57+00:00,kab_gerindratgl,"Relawan Jokowi Mania (Joman) resmi mendukung Ketua Umum (Ketum) Partai Gerindra Prabowo Subianto sebagai Calon Presiden (Capres) 2024.

#mendingprabowo
#prabowosubianto
#prabowo
#gerindra
#gerindrajateng
#gerindrajawatengah https://t.co/701WQUyRi3"
2023-02-15 14:27:08+00:00,klaten_kab,"Relawan Jokowi Mania (Joman) resmi mendukung Ketua Umum (Ketum) Partai Gerindra Prabowo Subianto sebagai Calon Presiden (Capres) 2024.
#mendingprabowo #prabowosubianto #prabowo
#gerindra #gerindrajateng #gerindrajawatengah https://t.co/Wfm0CHR9sI"
2023-02-15 11:03:26+00:00,sycamore_man,Gojali mengatakan alasan pertama adalah karena¬† Prabowo Subianto dianggap memiliki modal sosial yang cukup untuk menjadi calon presiden (Capres).¬† #IndonesiaKuat #BangkitBersama https://t.co/sZZDyFIozk
2023-02-15 10:56:26+00:00,icha687,Gojali mengatakan alasan pertama adalah karena¬† Prabowo Subianto dianggap memiliki modal sosial yang cukup untuk menjadi calon presiden (Capres).¬† #IndonesiaKuat #BangkitBersama https://t.co/mxJCh9Xg58
2023-02-15 10:39:45+00:00,NapiPKS,"Woman https://t.co/4oWPerxvp7

Relawan JoMan mendukung Ketua Umum Partai Gerindra Prabowo Subianto maju sebagai calon presiden (capres) di Pemilu 2024. Akankah JoMan ganti nama?"
2023-02-15 09:53:30+00:00,detikcom,"Partai Ummat resmi mendeklarasikan dukungan untuk Anies Baswedan sebagai calon presiden di Pilpres 2024. Sebelumnya, ada dua nama lain yang mencuat di rakernas mereka, yakni Prabowo Subianto dan Gatot Nurmantyo. https://t.co/bm0hgZ7kA6"
2023-02-15 09:37:08+00:00,detikcom,"Relawan Jokowi Mania mendukung Ketum Partai Gerindra Prabowo Subianto maju sebagai calon presiden di Pemilu 2024. Lalu, akankah JoMan ganti nama?  https://t.co/yq5WpUlTXS"
2023-02-15 09:03:32+00:00,tribunnewswiki,"Organisasi relawan pendukung Presiden Joko Widodo, Jokowi Mania Nusantara (Joman), memastikan akan memberi dukungan kepada Ketua Umum Partai Gerindra Prabowo Subianto sebagai calon presiden pada Pilpres 2024.

https://t.co/MnwhubYsSs"
2023-02-15 08:58:11+00:00,harrispradana_,"Terbaru, hasil survei Lembaga Survei dan Polling Indonesia (SPIN) terkait calon presiden atau capres di Pilpres 2024. #IndonesiaKuat  #IkutPakde Prabowo Subianto"
2023-02-15 08:22:18+00:00,TitikTerangNews,"Kelompok relawan Presiden RI Joko Widodo atau yang dikenal sebagai Jokowi Mania (Joman) menyatakan dukungan kepada Ketua Umum Partai Gerindra Prabowo Subianto untuk menjadi calon presiden (capres) pada Pilpres 2024.
 
#Pilpres2024 #JokoWidodo https://t.co/xlZEetNdUV"
2023-02-15 08:15:40+00:00,SSandala1,"‚òùÔ∏è _*""Pernyataan Sikap Bung Noell JOMAN (Eks-Ketua Umum Relawan Ganjar Pranowo MANIA/GP MANIA) yang Mendukung Prabowo Subianto sebagai Calon Presiden 2024..!!""*_ ‚úäüáÆüá© https://t.co/DjEgIIFCgy"
2023-02-15 08:00:09+00:00,mingskyyy_,"Menjabat sebagai Menhan sejak 2019, Prabowo kembali siap mencalonkan diri sebagai calon presiden (capres) pada pemilu 2024 mendatang.
#IndonesiaKuat #IkutPakde Prabowo Subianto"
2023-02-15 07:38:08+00:00,ratih_ploey,"""Ke depan, DPP Barisan Relawan Indonesia Kuat akan fokus memenangkan Prabowo Subianto. Adapun untuk calon wakil presiden, dia menyerahkan kepada Prabowo Subianto siapapun nantinya yang akan dipilih,"" pungkas Restianti.

Prabowo Subianto
#IndonesiaKuat #IkutPakde"
2023-02-15 07:38:07+00:00,ratih_ploey,"""Dan kami akan fokus di Pak Prabowo. Siapa saja (bakal calon wakil presiden,-red) kami semua mendukung beliau,"" tuturnya.

Prabowo Subianto
#IndonesiaKuat #IkutPakde"
2023-02-15 07:38:03+00:00,ratih_ploey,"Ketua Umum DPP BRIK, Restianti Salman mengatakan, Barisan Relawan Indonesia Kuat siap menangkan Prabowo Subianto sebagai calon presiden dalam Pemilu 2024.

Prabowo Subianto
#IndonesiaKuat #IkutPakde"
2023-02-15 07:26:05+00:00,papera_dpp,"Calon Presiden RI ke 8 Pak @Prabowo Subianto Dapat Gelar Warga Kehormatan Koprs Marinir.
@Prabowo
@Gerindra
@SudaryonoSudar 
@muzakirdon #prabowopresiden #prabowosubianto2024
#paperajaya #paperagerindra #papera #pedagangindonesia #pedagangpasar #massudarappsi #sudaryono #masdar https://t.co/eSBddfFHRF"
2023-02-15 05:38:17+00:00,badia_boru,"Jokowi mengatakan setelah dia memenangkan Pilpres 2014 dan 2019, maka saat ini adalah kesempatan bagi Prabowo Subianto untuk menjadi bakal calon presiden di Pilpres 2024.

#IndonesiaKuat #BangkitBersama"
2023-02-15 05:38:15+00:00,badia_boru,"Jokowi mengatakan setelah dia memenangkan Pilpres 2014 dan 2019, maka saat ini adalah kesempatan bagi Prabowo Subianto untuk menjadi bakal calon presiden di Pilpres 2024.

#IndonesiaKuat #BangkitBersama"
2023-02-15 04:19:38+00:00,ConstantinusMi,"Jokowi mengatakan setelah dia memenangkan Pilpres 2014 dan 2019, maka saat ini adalah kesempatan bagi Prabowo Subianto untuk menjadi bakal calon presiden di Pilpres 2024.

#IndonesiaKuat #BangkitBersama"
2023-02-15 04:19:37+00:00,ConstantinusMi,"Jokowi mengatakan setelah dia memenangkan Pilpres 2014 dan 2019, maka saat ini adalah kesempatan bagi Prabowo Subianto untuk menjadi bakal calon presiden di Pilpres 2024.

#IndonesiaKuat #BangkitBersama"
2023-02-14 17:31:50+00:00,NurulFittriia,"Dasco mengatakan Prabowo Subianto tidak pernah menghalang-halangi seseorang yang ingin berkarier, termasuk menjadi calon presiden maupun calon wakil presiden 2024.

capres2024

pemilu2024

dekade08

mendingprabowo"
2023-02-14 17:18:18+00:00,anngirayna,"Dasco mengatakan Prabowo Subianto tidak pernah menghalang-halangi seseorang yang ingin berkarier, termasuk menjadi calon presiden maupun calon wakil presiden 2024.

capres2024

pemilu2024

dekade08

mendingprabowo"
2023-02-14 14:58:20+00:00,ratih_ploey,"Jokowi mengatakan setelah dia memenangkan Pilpres 2014 dan 2019, maka saat ini adalah kesempatan bagi Prabowo Subianto untuk menjadi bakal calon presiden di Pilpres 2024.

#IndonesiaKuat #BangkitBersama"
2023-02-14 14:58:18+00:00,ratih_ploey,"Jokowi mengatakan setelah dia memenangkan Pilpres 2014 dan 2019, maka saat ini adalah kesempatan bagi Prabowo Subianto untuk menjadi bakal calon presiden di Pilpres 2024.

#IndonesiaKuat #BangkitBersama"
2023-02-14 10:42:31+00:00,JCLAPPLIANCE,"Menteri Pertahanan Prabowo Subianto terus menguat sebagai figur calon presiden melanjutkan kepemimpinan Presiden Joko Widodo pada Pilpres 2024 mendatang.
#IndonesiaKuat #BangkitBersama Prabowo Subianto"
2023-02-14 10:39:52+00:00,detikcom,"PKB tak khawatir dengan pertemuan antara Prabowo Subianto dengan Khofifah di Surabaya, Jatim. Ketua DPP PKB, Daniel Johan sebut keputusan muktamar memberi mandat Cak Imin untuk menjadi calon presiden. https://t.co/n7MsVuZITG"
2023-02-14 10:34:53+00:00,bicyclecorner,"Menteri Pertahanan Prabowo Subianto terus menguat sebagai figur calon presiden melanjutkan kepemimpinan Presiden Joko Widodo pada Pilpres 2024 mendatang.
#IndonesiaKuat #BangkitBersama Prabowo Subianto"
2023-02-14 10:15:22+00:00,harrispradana_,"Prabowo Subianto agar mencalonkan diri sebagai calon presiden (capres) di Pemilu 2024 mendatang.
#IndonesiaKuat #IkutPakde Prabowo Subianto"
2023-02-14 07:04:10+00:00,sthefanieau_,"Pamekasan (https://t.co/0QdBumRcHY) ‚Äì Calon Presiden Republik Indonesia, Prabowo Subianto mengharapkan doa terbaik dari masyarakat Madura. 
#PrabowoPeduli #IkutPakde Prabowo Subianto"
2023-02-14 06:59:33+00:00,harrispradana_,"Pada akhir pekan sebelumnya, Muhaimin Iskandar juga telah mendeklarasikan dirinya  sebagai calon presiden dari PKB.  #PrabowoPeduli #IkutPakde Prabowo Subianto"
2023-02-14 06:59:32+00:00,harrispradana_,Prabowo Subianto kemarin sudah menyatakan siap maju sebagai calon presiden pada Pilpres 2024.  #PrabowoPeduli #IkutPakde Prabowo Subianto
2023-02-14 05:22:21+00:00,sinta_tatit,"Seperti halnya di wilayah Kecamatan Kebomas, puluhan relawan yang tergabung dalam gerakan relawan Arek Gresik menggelar deklarasi dukungan pada Menteri Pertahanan Prabowo Subianto untuk menjadi calon presiden dalam Pilpres 2024.
#PrabowoSubianto 
#PrabowoPeduli 
#BangkitBersama"
2023-02-14 04:45:16+00:00,sinta_tatit,"Tuban ‚Äì Dukungan arus bawah  kepada  Prabowo Subianto terus mengalir sebagai calon Presiden pada pilpres 2024 di berbagai daerah.
#PrabowoSubianto 
#PrabowoPeduli 
#BangkitBersama"
2023-02-14 02:33:03+00:00,wildaafosma4,"Pengurus DPC Partai Gerindra Kabupaten Kudus, Jawa Tengah, memperkenalkan Ketua Umum Gerindra Prabowo Subianto sebagai calon presiden (Capres) untuk Pilpres 2024.

capres2024

pemilu2024

dekade08

mendingprabowo"
2023-02-14 02:30:48+00:00,dafinadia12,"Anies Baswedan , Menteri Pertahanan (Menhan) Prabowo Subianto , dan mantan Panglima TNI Gatot Nurmantyo masuk dalam daftar bakal calon presiden Partai Ummat .

capres2024

pemilu2024

dekade08

mendingprabowo"
2023-02-13 17:56:01+00:00,esputra15,"Pengurus DPC Partai Gerindra Kabupaten Kudus, Jawa Tengah, memperkenalkan Ketua Umum Gerindra Prabowo Subianto sebagai calon presiden (Capres) untuk Pilpres 2024.

capres2024

pemilu2024

dekade08

mendingprabowo"
2023-02-13 17:42:27+00:00,AdimekaSaskia,"Pengurus DPC Partai Gerindra Kabupaten Kudus, Jawa Tengah, memperkenalkan Ketua Umum Gerindra Prabowo Subianto sebagai calon presiden (Capres) untuk Pilpres 2024.

capres2024

pemilu2024

dekade08

mendingprabowo"
2023-02-13 17:39:03+00:00,AnastiDina,"Pengurus DPC Partai Gerindra Kabupaten Kudus, Jawa Tengah, mulai memperkenalkan Ketua DPP Partai Gerindra Prabowo Subianto sebagai calon presiden (Capres) Pilpres 2024.

capres2024

pemilu2024

dekade08

mendingprabowo"
2023-02-13 17:29:14+00:00,DhamarDito,"Pengurus DPC Partai Gerindra Kabupaten Kudus, Jawa Tengah, memperkenalkan Ketua Umum Gerindra Prabowo Subianto sebagai calon presiden (Capres) untuk Pilpres 2024.

capres2024

pemilu2024

dekade08

mendingprabowo"
2023-02-13 17:23:50+00:00,JakaNurdeena,"Ketua Umum Partai Gerindra Prabowo Subianto bisa diusung menjadi calon presiden dari koalisi KIB dan KIR.

capres2024

pemilu2024

dekade08

mendingprabowo"
2023-02-13 17:13:58+00:00,ElsaLestari271,"Anies Baswedan , Menteri Pertahanan (Menhan) Prabowo Subianto , dan mantan Panglima TNI Gatot Nurmantyo masuk dalam daftar bakal calon presiden Partai Ummat .

capres2024

pemilu2024

dekade08

mendingprabowo"
2023-02-13 17:12:47+00:00,LiyaniOktafiya,"Partai Ummat bakal mengundang 3 tokoh bakal calon presiden (bacapres) dalam Rakernas tersebut, yakni Anies Baswedan, Gatot Nurmantyo, dan Prabowo Subianto.

capres2024

pemilu2024

dekade08

mendingprabowo"
2023-02-13 17:10:22+00:00,anisha_sari2,"Ketua Umum Partai Gerindra Prabowo Subianto bisa diusung menjadi calon presiden dari koalisi KIB dan KIR.

capres2024

pemilu2024

dekade08

mendingprabowo"
2023-02-13 12:28:23+00:00,SitiSumiran,"""Pasangan calon presiden dan calon wakil presiden (capres-cawapres) yang unggul di Jawa Timur

Prabowo Subianto
#PrabowoPeduli
#BangkitBersama
#IndonesiaMenang"
2023-02-13 12:28:23+00:00,SitiSumiran,"akan menjadi pertempuran sengit sebagai penentu calon presiden 2024 mendatang.

Prabowo Subianto
#PrabowoPeduli
#BangkitBersama
#IndonesiaMenang"
2023-02-13 12:28:11+00:00,SitiSumiran,"Sebelumnya, Cak Imin mengatakan koalisi Gerindra-PKB masih berdiskusi terkait calon presiden dan calon wakil presiden 2024. Ia menyebut keputusan terkait itu memerlukan waktu. 

Prabowo Subianto
#PrabowoPeduli
#BangkitBersama
#IndonesiaMenang"
2023-02-13 12:17:28+00:00,SitiSumiran,"Jadi Pak Prabowo dan Muhaimin akan bertemu pada waktunya untuk memutuskan tentang nama calon presiden dan wakil presiden,"" kata Muzani

Prabowo Subianto
#PrabowoPeduli
#BangkitBersama
#IndonesiaMenang"
2023-02-13 08:44:39+00:00,harrispradana_,"Ketika dikonfirmasi pembicaraan yang akan dibahas menyangkut perihal calon wakil presiden (Cawapres), #PrabowoPeduli #IkutPakde Prabowo Subianto"
2023-02-19 17:46:28+00:00,TiaraPangesti5,"Di antara semua bakal calon yang beredar, nama Prabowo Subianto paling cocok untuk didukung Presiden Jokowi.

capres2024

pemilu2024

dekade08

terusmajubersamaprabowo

mendingprabowo

Prabowo Lebih Baik"
2023-02-19 12:40:40+00:00,Ini_ajunk,"Usung Prabowo Subianto Calon Presiden 2024, Koalisi Antarpartai Masih Dinamis - https://t.co/hZI2Euk7ix https://t.co/6knrCBbp4L #IndonesiaKuat #BangkitBersama"
2023-02-19 12:40:40+00:00,Disuruh_Iben,"Prabowo Subianto:  Usung Prabowo Subianto Calon Presiden 2024, Koalisi Antarpartai Masih Dinamis - https://t.co/20zCcPoQpX https://t.co/wDXOGCo6qX #IndonesiaKuat #BangkitBersama"
2023-02-19 07:38:20+00:00,harrispradana_,"ekonomi pertanian membuat Prabowo Subianto menjadi calon paling ideal sebagai Presiden Republik Indonesia tahun 2024 
#IndonesiaKuat #IkutPakde Prabowo Subianto"
2023-02-19 06:21:02+00:00,harrispradana_,"Prabowo mengatakan Jokowi Mania telah menyampaikan dukungan kepada dia untuk maju sebagai calon presiden 2024.
#IndonesiaKuat #IkutPakde Prabowo Subianto"
2023-02-19 01:12:37+00:00,DadanHamdi,"Relawan Jokowi Mania atau Joman, mendukung prabowo Subianto sebagai calon presiden (capres) pada Pilpres 2024.

@prabowo

capres2024

pemilu2024

dekade08

terusmajubersamaprabowo

mendingprabowo

Prabowo Lebih Baik"
2023-02-18 17:55:54+00:00,MarcelSelvi,"Relawan Jokowi Mania atau Joman, mendukung prabowo Subianto sebagai calon presiden (capres) pada Pilpres 2024.

capres2024

pemilu2024

dekade08

terusmajubersamaprabowo

mendingprabowo

Prabowo Lebih Baik"
2023-02-18 17:50:44+00:00,c_agustin18,"Relawan Jokowi Mania, mendukung prabowo Subianto sebagai calon presiden (capres) pada Pilpres 2024.

capres2024

pemilu2024

dekade08

terusmajubersamaprabowo

mendingprabowo

Dukung Prabowo"
2023-02-18 17:43:29+00:00,DandiFajar8,"Relawan Jokowi Mania atau Joman, mendukung prabowo Subianto sebagai calon presiden (capres) pada Pilpres 2024.

capres2024

pemilu2024

dekade08

terusmajubersamaprabowo

mendingprabowo

Prabowo Lebih Baik"
2023-02-18 17:35:07+00:00,dellautami19,"Relawan Jokowi Mania, mendukung prabowo Subianto sebagai calon presiden (capres) pada Pilpres 2024.

capres2024

pemilu2024

dekade08

terusmajubersamaprabowo

mendingprabowo

Dukung Prabowo"
2023-02-18 17:29:10+00:00,AnastiDina,"Relawan Jokowi Mania atau Joman, mendukung prabowo Subianto sebagai calon presiden (capres) pada Pilpres 2024.

capres2024

pemilu2024

dekade08

terusmajubersamaprabowo

mendingprabowo

Prabowo Lebih Baik"
2023-02-18 17:21:36+00:00,linebellla,"Relawan Jokowi Mania, mendukung prabowo Subianto sebagai calon presiden (capres) pada Pilpres 2024.

capres2024

pemilu2024

dekade08

terusmajubersamaprabowo

mendingprabowo

Dukung Prabowo"
2023-02-18 10:49:00+00:00,PakpahanEdwind,@erickthohir Bapak Erik Tohir terhormat mauya terima aja calon wakil presiden sama pak Prabowo Subianto thn 2024 Bapak Erik Tohir terhormat
2023-02-18 07:01:55+00:00,YustrinaA,"Ketua Umum DPP Joman, Immanuel Ebenezer mengungkapkan beberapa prinsip yang menjadi alasan Joman memilih Prabowo Subianto sebagai calon presiden 2024.

@prabowo

capres2024

pemilu2024

dekade08

terusmajubersamaprabowo

mendingprabowo"
2023-02-18 06:23:22+00:00,YustrinaA,"""DPP Jokowi Mania (JoMan) memutuskan untuk mendukung Prabowo Subianto sebagai calon presiden 2024/2029,"" kata Sekjen Relawan JoMan Akhmad Gojali.

@prabowo

capres2024

pemilu2024

dekade08

terusmajubersamaprabowo

mendingprabowo"
2023-02-18 06:22:25+00:00,YustrinaA,"Relawan Jokowi Mania (JoMan) menyatakan dukungannya terhadap Ketua Umum Partai Gerindra Prabowo Subianto untuk maju sebagai calon presiden (capres) di Pemilu 2024.

@prabowo

capres2024

pemilu2024

dekade08

terusmajubersamaprabowo

mendingprabowo"
2023-02-18 01:56:05+00:00,andyyusuf22,Prabowo Subianto Adalah Calon Presiden Paling Resilien - https://t.co/Mhaj1u32N3 - https://t.co/Mhaj1u32N3 https://t.co/eJOekg2Ifs
2023-02-18 00:07:10+00:00,zrfaptrii_,"""DPP Jokowi Mania (JoMan) memutuskan untuk mendukung Prabowo Subianto sebagai calon presiden 2024/2029,"" ucap Sekjen Relawan JoMan Akhmad Gojali.

@prabowo

capres2024

pemilu2024

dekade08

terusmajubersamaprabowo

mendingprabowo"
2023-02-17 22:49:10+00:00,ArkanAmar1,"Ketua Umum DPP Joman, Immanuel Ebenezer mengungkapkan beberapa prinsip yang menjadi alasan Joman memilih Prabowo Subianto sebagai calon presiden 2024.

capres2024

pemilu2024

dekade08

terusmajubersamaprabowo

mendingprabowo"
2023-02-17 17:30:38+00:00,AzizahKumala8,"""DPP Jokowi Mania (JoMan) memutuskan untuk mendukung Prabowo Subianto sebagai calon presiden 2024/2029,"" ucap Sekjen Relawan JoMan Akhmad Gojali.

capres2024

pemilu2024

dekade08

terusmajubersamaprabowo

mendingprabowo"
2023-02-17 17:23:55+00:00,AndiniFauzziah,"""DPP Jokowi Mania (JoMan) memutuskan untuk mendukung Prabowo Subianto sebagai calon presiden 2024/2029,"" kata Sekjen Relawan JoMan Akhmad Gojali.

capres2024

pemilu2024

dekade08

terusmajubersamaprabowo

mendingprabowo"
2023-02-17 17:23:46+00:00,AlliiAkbbar,"Relawan Jokowi Mania (JoMan) menyatakan dukungannya terhadap Ketua Umum Partai Gerindra Prabowo Subianto untuk maju sebagai calon presiden (capres) di Pemilu 2024.

capres2024

pemilu2024

dekade08

terusmajubersamaprabowo

mendingprabowo"
2023-02-17 16:57:52+00:00,MashaNdeber,"maju sebagai calon presiden di Pemilu 2024. Immanuel Ebenezer atau Noel memastikan JoMan akan mengganti namanya menjadi Prabowo Mania 08.

Prabowo Subianto
#IndonesiaKuat
#BangkitBersama"
2023-02-17 16:56:24+00:00,MashaNdeber,"usai menyatakan dukungan kepada Prabowo untuk maju sebagai calon presiden kontestasi Pemilu 2024. 

Prabowo Subianto
#IndonesiaKuat
#BangkitBersama"
2023-02-17 13:59:33+00:00,terkinidotid,"Jokowi Mania Soal Ide Duet Prabowo dan Ganjar: Bagus, Itu Keren!: Relawan Jokowi Mania atau JoMan menanggapi soal wacana duet Prabowo Subianto dan Ganjar Pranowo sebagai calon presiden dan‚Ä¶ https://t.co/4it2yF8lj4 #News #duetprabowoganjar #jokowimaniaprabowo #jokowimaniaganjar"
2023-02-17 12:11:41+00:00,SwaraPita,"usai menyatakan dukungan kepada Prabowo untuk maju sebagai calon presiden kontestasi Pemilu 2024. 

Prabowo Subianto
#IndonesiaKuat
#BangkitBersama https://t.co/XyEvJ4Qza1"
2023-02-17 11:02:10+00:00,goentz1,"usai menyatakan dukungan kepada Prabowo untuk maju sebagai calon presiden kontestasi Pemilu 2024. 

Prabowo Subianto
#IndonesiaKuat
#BangkitBersama"
2023-02-17 10:44:19+00:00,Ayunin___,"Bakal calon presiden NasDem Anies Baswedan mengungkap tidak pernah ada perjanjian dengan Ketua Umum Gerindra Prabowo Subianto tidak akan menjadi calon presiden setelah Pilpres 2019.

https://t.co/FKb8Syvttv"
2023-02-17 10:16:20+00:00,mercifulove,"Nama Prabowo Subianto kembali meraih elektabilitas tertinggi dibandingkan dengan calon presiden (capres) lainnya.
#IndonesiaKuat #IkutPakde"
2023-02-17 07:54:35+00:00,inilahdotcom,"Belakangan nama Gubernur Jawa Timur Khofifah Indar Parawansa mencuat dalam bursa calon wakil presiden (cawapres), terakhir Ketua Umum Gerindra Prabowo Subianto pun menyempatkan diri untuk bertemu empat mata dengan Khofifah. Kondisi ini nampaknya membuat‚Ä¶ https://t.co/LbliOSToA6"
2023-02-17 05:07:41+00:00,ratih_ploey,"Jokowi membantah kalau pujian Prabowo datang karena dirinya sudah memberi restu kepada Prabowo untuk maju sebagai Calon Presiden (Capres) pada Pemilu Presiden atau Pilpres 2024.
Prabowo Subianto 
 #IndonesiaKuat #BangkitBersama"
2023-02-17 03:37:40+00:00,andystwn4,"Relawan Jokowi Mania mendukung Prabowo Subianto sebagai calon presiden di Pilpres 2024 mendatang. 
#IndonesiaKuat #IkutPakde Prabowo Subianto"
2023-02-16 14:05:30+00:00,gerindra_ktmgl,"Relawan Jokowi Mania (Joman) resmi mendukung Ketua Umum (Ketum) Partai Gerindra Prabowo Subianto sebagai Calon Presiden (Capres) 2024.

#jomandukungprabowo
#mendingprabowo
#prabowo
#prabowosubianto
#gerindra
#gerindrajawatengah
#gerindrajateng
#gerindrakotamagelang https://t.co/tUDEHzpRln"
2023-02-16 13:21:57+00:00,KomopaKegame,"ingatkan Pilpres kepada 
Seluru Penyelengara Maupung Masyarakat yg ada di sekitar provinsi papua dan  
Papua lainnya yaitu.
1.Bapak Calon presiden Prabowo subianto  dan
2.Bapak Calon presiden Ganjar pranowo 
Kita tdk perlu kasih suara oleh 2 orng Calon pilpres ini thn 2023/2024"
2023-02-16 12:24:00+00:00,detikcom,Partai Gerindra berharap JoMan tulus mendukung Ketum Partai Gerindra Prabowo Subianto maju sebagai calon presiden. https://t.co/0LGU1lTwMS
2023-02-16 11:44:45+00:00,MashaNdeber,"terkait dengan arahan dukungan mereka terhadap calon presiden dan calon wakil presiden di Pilpres 2024.

Prabowo Subianto
#IndonesiaKuat
#BangkitBersama"
2023-02-16 11:39:42+00:00,MashaNdeber,"Setelah pembubaran relawan pendukung Gubernur Jawa Tengah itu sebagai calon presiden di Pilpres 2024, 

Prabowo Subianto
#IndonesiaKuat
#BangkitBersama"
2023-02-16 11:33:20+00:00,SitiSumiran,"sebagai salah satu calon presiden (capres) terus merangkak naik.

Prabowo Subianto
#Prabowo
#IndonesiaKuat
#IndonesiaBangkit
#BangkitBersama"
2023-02-16 11:05:10+00:00,icha687,Gojali mengatakan alasan pertama adalah karena¬† Prabowo Subianto dianggap memiliki modal sosial yang cukup untuk menjadi calon presiden (Capres).¬† #IndonesiaKuat #BangkitBersama https://t.co/8KrQVbf5Wj
2023-02-16 10:54:12+00:00,mercifulove,"https://t.co/ofkEW1Fnui, Malang - Calon presiden Prabowo Subianto menyatakan sangat berutang budi pada petani dan nelayan karena merekalah yang banyak membantu Prabowo dan pasukan saat ia masih menjadi tentara.
#IndonesiaKuat #IkutPakde"
2023-02-16 09:42:53+00:00,zxnm88473822,"&amp;quot;Kita tiba-tiba dikagetkan saja beliau deklarasikan calon presiden tanpa pamit dengan
Gerindra dan pak Prabowo.#IndonesiaKuat #IkutPakde Prabowo Subianto"
2023-02-16 08:02:18+00:00,dikkambong_,"Prabowo pun terbahak saat ditanya kapan dia dan Khofifah akan deklarasi sebagai calon presiden dan cawapres.
Prabowo Subianto #IndonesiaKuat #IkutPakde"
2023-02-16 01:49:44+00:00,kompascom,"Jokowi Mania (Joman) memutuskan mendukung Prabowo Subianto sebagai calon presiden. Sebelumnya, mereka menarik dukungan terhadap Ganjar. https://t.co/pPSXRDNpQq"
2023-02-16 00:44:21+00:00,Pulpendid,"Dewan Pimpinan Pusat (DPP) Jokowi Mania Nusantara (Joman) memutuskan untuk mendukung Prabowo Subianto sebagai calon presiden (capres) dalam perhelatan pemilihan umum (pemilu) 2024 mendatang. Hal ini diungkapkan Sekretaris Jenderal (Sekjen) DPP Joman, Akhmad Gojali Harahap https://t.co/ptnC3qcmkD"
2023-02-15 14:37:57+00:00,kab_gerindratgl,"Relawan Jokowi Mania (Joman) resmi mendukung Ketua Umum (Ketum) Partai Gerindra Prabowo Subianto sebagai Calon Presiden (Capres) 2024.

#mendingprabowo
#prabowosubianto
#prabowo
#gerindra
#gerindrajateng
#gerindrajawatengah https://t.co/701WQUyRi3"
2023-02-15 14:27:08+00:00,klaten_kab,"Relawan Jokowi Mania (Joman) resmi mendukung Ketua Umum (Ketum) Partai Gerindra Prabowo Subianto sebagai Calon Presiden (Capres) 2024.
#mendingprabowo #prabowosubianto #prabowo
#gerindra #gerindrajateng #gerindrajawatengah https://t.co/Wfm0CHR9sI"
2023-02-15 11:03:26+00:00,sycamore_man,Gojali mengatakan alasan pertama adalah karena¬† Prabowo Subianto dianggap memiliki modal sosial yang cukup untuk menjadi calon presiden (Capres).¬† #IndonesiaKuat #BangkitBersama https://t.co/sZZDyFIozk
2023-02-15 10:56:26+00:00,icha687,Gojali mengatakan alasan pertama adalah karena¬† Prabowo Subianto dianggap memiliki modal sosial yang cukup untuk menjadi calon presiden (Capres).¬† #IndonesiaKuat #BangkitBersama https://t.co/mxJCh9Xg58
2023-02-15 10:39:45+00:00,NapiPKS,"Woman https://t.co/4oWPerxvp7

Relawan JoMan mendukung Ketua Umum Partai Gerindra Prabowo Subianto maju sebagai calon presiden (capres) di Pemilu 2024. Akankah JoMan ganti nama?"
2023-02-15 09:53:30+00:00,detikcom,"Partai Ummat resmi mendeklarasikan dukungan untuk Anies Baswedan sebagai calon presiden di Pilpres 2024. Sebelumnya, ada dua nama lain yang mencuat di rakernas mereka, yakni Prabowo Subianto dan Gatot Nurmantyo. https://t.co/bm0hgZ7kA6"
2023-02-15 09:37:08+00:00,detikcom,"Relawan Jokowi Mania mendukung Ketum Partai Gerindra Prabowo Subianto maju sebagai calon presiden di Pemilu 2024. Lalu, akankah JoMan ganti nama?  https://t.co/yq5WpUlTXS"
2023-02-15 09:03:32+00:00,tribunnewswiki,"Organisasi relawan pendukung Presiden Joko Widodo, Jokowi Mania Nusantara (Joman), memastikan akan memberi dukungan kepada Ketua Umum Partai Gerindra Prabowo Subianto sebagai calon presiden pada Pilpres 2024.

https://t.co/MnwhubYsSs"
2023-02-15 08:58:11+00:00,harrispradana_,"Terbaru, hasil survei Lembaga Survei dan Polling Indonesia (SPIN) terkait calon presiden atau capres di Pilpres 2024. #IndonesiaKuat  #IkutPakde Prabowo Subianto"
2023-02-15 08:22:18+00:00,TitikTerangNews,"Kelompok relawan Presiden RI Joko Widodo atau yang dikenal sebagai Jokowi Mania (Joman) menyatakan dukungan kepada Ketua Umum Partai Gerindra Prabowo Subianto untuk menjadi calon presiden (capres) pada Pilpres 2024.
 
#Pilpres2024 #JokoWidodo https://t.co/xlZEetNdUV"
2023-02-15 08:15:40+00:00,SSandala1,"‚òùÔ∏è _*""Pernyataan Sikap Bung Noell JOMAN (Eks-Ketua Umum Relawan Ganjar Pranowo MANIA/GP MANIA) yang Mendukung Prabowo Subianto sebagai Calon Presiden 2024..!!""*_ ‚úäüáÆüá© https://t.co/DjEgIIFCgy"
2023-02-15 08:00:09+00:00,mingskyyy_,"Menjabat sebagai Menhan sejak 2019, Prabowo kembali siap mencalonkan diri sebagai calon presiden (capres) pada pemilu 2024 mendatang.
#IndonesiaKuat #IkutPakde Prabowo Subianto"
2023-02-15 07:38:08+00:00,ratih_ploey,"""Ke depan, DPP Barisan Relawan Indonesia Kuat akan fokus memenangkan Prabowo Subianto. Adapun untuk calon wakil presiden, dia menyerahkan kepada Prabowo Subianto siapapun nantinya yang akan dipilih,"" pungkas Restianti.

Prabowo Subianto
#IndonesiaKuat #IkutPakde"
2023-02-15 07:38:07+00:00,ratih_ploey,"""Dan kami akan fokus di Pak Prabowo. Siapa saja (bakal calon wakil presiden,-red) kami semua mendukung beliau,"" tuturnya.

Prabowo Subianto
#IndonesiaKuat #IkutPakde"
2023-02-15 07:38:03+00:00,ratih_ploey,"Ketua Umum DPP BRIK, Restianti Salman mengatakan, Barisan Relawan Indonesia Kuat siap menangkan Prabowo Subianto sebagai calon presiden dalam Pemilu 2024.

Prabowo Subianto
#IndonesiaKuat #IkutPakde"
2023-02-15 07:26:05+00:00,papera_dpp,"Calon Presiden RI ke 8 Pak @Prabowo Subianto Dapat Gelar Warga Kehormatan Koprs Marinir.
@Prabowo
@Gerindra
@SudaryonoSudar 
@muzakirdon #prabowopresiden #prabowosubianto2024
#paperajaya #paperagerindra #papera #pedagangindonesia #pedagangpasar #massudarappsi #sudaryono #masdar https://t.co/eSBddfFHRF"
2023-02-15 05:38:17+00:00,badia_boru,"Jokowi mengatakan setelah dia memenangkan Pilpres 2014 dan 2019, maka saat ini adalah kesempatan bagi Prabowo Subianto untuk menjadi bakal calon presiden di Pilpres 2024.

#IndonesiaKuat #BangkitBersama"
2023-02-15 05:38:15+00:00,badia_boru,"Jokowi mengatakan setelah dia memenangkan Pilpres 2014 dan 2019, maka saat ini adalah kesempatan bagi Prabowo Subianto untuk menjadi bakal calon presiden di Pilpres 2024.

#IndonesiaKuat #BangkitBersama"
2023-02-15 04:19:38+00:00,ConstantinusMi,"Jokowi mengatakan setelah dia memenangkan Pilpres 2014 dan 2019, maka saat ini adalah kesempatan bagi Prabowo Subianto untuk menjadi bakal calon presiden di Pilpres 2024.

#IndonesiaKuat #BangkitBersama"
2023-02-15 04:19:37+00:00,ConstantinusMi,"Jokowi mengatakan setelah dia memenangkan Pilpres 2014 dan 2019, maka saat ini adalah kesempatan bagi Prabowo Subianto untuk menjadi bakal calon presiden di Pilpres 2024.

#IndonesiaKuat #BangkitBersama"
2023-02-14 17:31:50+00:00,NurulFittriia,"Dasco mengatakan Prabowo Subianto tidak pernah menghalang-halangi seseorang yang ingin berkarier, termasuk menjadi calon presiden maupun calon wakil presiden 2024.

capres2024

pemilu2024

dekade08

mendingprabowo"
2023-02-14 17:18:18+00:00,anngirayna,"Dasco mengatakan Prabowo Subianto tidak pernah menghalang-halangi seseorang yang ingin berkarier, termasuk menjadi calon presiden maupun calon wakil presiden 2024.

capres2024

pemilu2024

dekade08

mendingprabowo"
2023-02-14 14:58:20+00:00,ratih_ploey,"Jokowi mengatakan setelah dia memenangkan Pilpres 2014 dan 2019, maka saat ini adalah kesempatan bagi Prabowo Subianto untuk menjadi bakal calon presiden di Pilpres 2024.

#IndonesiaKuat #BangkitBersama"
2023-02-14 14:58:18+00:00,ratih_ploey,"Jokowi mengatakan setelah dia memenangkan Pilpres 2014 dan 2019, maka saat ini adalah kesempatan bagi Prabowo Subianto untuk menjadi bakal calon presiden di Pilpres 2024.

#IndonesiaKuat #BangkitBersama"
2023-02-14 10:42:31+00:00,JCLAPPLIANCE,"Menteri Pertahanan Prabowo Subianto terus menguat sebagai figur calon presiden melanjutkan kepemimpinan Presiden Joko Widodo pada Pilpres 2024 mendatang.
#IndonesiaKuat #BangkitBersama Prabowo Subianto"
2023-02-14 10:39:52+00:00,detikcom,"PKB tak khawatir dengan pertemuan antara Prabowo Subianto dengan Khofifah di Surabaya, Jatim. Ketua DPP PKB, Daniel Johan sebut keputusan muktamar memberi mandat Cak Imin untuk menjadi calon presiden. https://t.co/n7MsVuZITG"
2023-02-14 10:34:53+00:00,bicyclecorner,"Menteri Pertahanan Prabowo Subianto terus menguat sebagai figur calon presiden melanjutkan kepemimpinan Presiden Joko Widodo pada Pilpres 2024 mendatang.
#IndonesiaKuat #BangkitBersama Prabowo Subianto"
2023-02-14 10:15:22+00:00,harrispradana_,"Prabowo Subianto agar mencalonkan diri sebagai calon presiden (capres) di Pemilu 2024 mendatang.
#IndonesiaKuat #IkutPakde Prabowo Subianto"
2023-02-14 07:04:10+00:00,sthefanieau_,"Pamekasan (https://t.co/0QdBumRcHY) ‚Äì Calon Presiden Republik Indonesia, Prabowo Subianto mengharapkan doa terbaik dari masyarakat Madura. 
#PrabowoPeduli #IkutPakde Prabowo Subianto"
2023-02-14 06:59:33+00:00,harrispradana_,"Pada akhir pekan sebelumnya, Muhaimin Iskandar juga telah mendeklarasikan dirinya  sebagai calon presiden dari PKB.  #PrabowoPeduli #IkutPakde Prabowo Subianto"
2023-02-14 06:59:32+00:00,harrispradana_,Prabowo Subianto kemarin sudah menyatakan siap maju sebagai calon presiden pada Pilpres 2024.  #PrabowoPeduli #IkutPakde Prabowo Subianto
2023-02-14 05:22:21+00:00,sinta_tatit,"Seperti halnya di wilayah Kecamatan Kebomas, puluhan relawan yang tergabung dalam gerakan relawan Arek Gresik menggelar deklarasi dukungan pada Menteri Pertahanan Prabowo Subianto untuk menjadi calon presiden dalam Pilpres 2024.
#PrabowoSubianto 
#PrabowoPeduli 
#BangkitBersama"
2023-02-14 04:45:16+00:00,sinta_tatit,"Tuban ‚Äì Dukungan arus bawah  kepada  Prabowo Subianto terus mengalir sebagai calon Presiden pada pilpres 2024 di berbagai daerah.
#PrabowoSubianto 
#PrabowoPeduli 
#BangkitBersama"
2023-02-14 02:33:03+00:00,wildaafosma4,"Pengurus DPC Partai Gerindra Kabupaten Kudus, Jawa Tengah, memperkenalkan Ketua Umum Gerindra Prabowo Subianto sebagai calon presiden (Capres) untuk Pilpres 2024.

capres2024

pemilu2024

dekade08

mendingprabowo"
2023-02-14 02:30:48+00:00,dafinadia12,"Anies Baswedan , Menteri Pertahanan (Menhan) Prabowo Subianto , dan mantan Panglima TNI Gatot Nurmantyo masuk dalam daftar bakal calon presiden Partai Ummat .

capres2024

pemilu2024

dekade08

mendingprabowo"
2023-02-13 17:56:01+00:00,esputra15,"Pengurus DPC Partai Gerindra Kabupaten Kudus, Jawa Tengah, memperkenalkan Ketua Umum Gerindra Prabowo Subianto sebagai calon presiden (Capres) untuk Pilpres 2024.

capres2024

pemilu2024

dekade08

mendingprabowo"
2023-02-13 17:42:27+00:00,AdimekaSaskia,"Pengurus DPC Partai Gerindra Kabupaten Kudus, Jawa Tengah, memperkenalkan Ketua Umum Gerindra Prabowo Subianto sebagai calon presiden (Capres) untuk Pilpres 2024.

capres2024

pemilu2024

dekade08

mendingprabowo"
2023-02-13 17:39:03+00:00,AnastiDina,"Pengurus DPC Partai Gerindra Kabupaten Kudus, Jawa Tengah, mulai memperkenalkan Ketua DPP Partai Gerindra Prabowo Subianto sebagai calon presiden (Capres) Pilpres 2024.

capres2024

pemilu2024

dekade08

mendingprabowo"
2023-02-13 17:29:14+00:00,DhamarDito,"Pengurus DPC Partai Gerindra Kabupaten Kudus, Jawa Tengah, memperkenalkan Ketua Umum Gerindra Prabowo Subianto sebagai calon presiden (Capres) untuk Pilpres 2024.

capres2024

pemilu2024

dekade08

mendingprabowo"
2023-02-13 17:23:50+00:00,JakaNurdeena,"Ketua Umum Partai Gerindra Prabowo Subianto bisa diusung menjadi calon presiden dari koalisi KIB dan KIR.

capres2024

pemilu2024

dekade08

mendingprabowo"
2023-02-13 17:13:58+00:00,ElsaLestari271,"Anies Baswedan , Menteri Pertahanan (Menhan) Prabowo Subianto , dan mantan Panglima TNI Gatot Nurmantyo masuk dalam daftar bakal calon presiden Partai Ummat .

capres2024

pemilu2024

dekade08

mendingprabowo"
2023-02-13 17:12:47+00:00,LiyaniOktafiya,"Partai Ummat bakal mengundang 3 tokoh bakal calon presiden (bacapres) dalam Rakernas tersebut, yakni Anies Baswedan, Gatot Nurmantyo, dan Prabowo Subianto.

capres2024

pemilu2024

dekade08

mendingprabowo"
2023-02-13 17:10:22+00:00,anisha_sari2,"Ketua Umum Partai Gerindra Prabowo Subianto bisa diusung menjadi calon presiden dari koalisi KIB dan KIR.

capres2024

pemilu2024

dekade08

mendingprabowo"
2023-02-13 12:28:23+00:00,SitiSumiran,"""Pasangan calon presiden dan calon wakil presiden (capres-cawapres) yang unggul di Jawa Timur

Prabowo Subianto
#PrabowoPeduli
#BangkitBersama
#IndonesiaMenang"
2023-02-13 12:28:23+00:00,SitiSumiran,"akan menjadi pertempuran sengit sebagai penentu calon presiden 2024 mendatang.

Prabowo Subianto
#PrabowoPeduli
#BangkitBersama
#IndonesiaMenang"
2023-02-13 12:28:11+00:00,SitiSumiran,"Sebelumnya, Cak Imin mengatakan koalisi Gerindra-PKB masih berdiskusi terkait calon presiden dan calon wakil presiden 2024. Ia menyebut keputusan terkait itu memerlukan waktu. 

Prabowo Subianto
#PrabowoPeduli
#BangkitBersama
#IndonesiaMenang"
2023-02-13 12:17:28+00:00,SitiSumiran,"Jadi Pak Prabowo dan Muhaimin akan bertemu pada waktunya untuk memutuskan tentang nama calon presiden dan wakil presiden,"" kata Muzani

Prabowo Subianto
#PrabowoPeduli
#BangkitBersama
#IndonesiaMenang"
2023-02-13 08:44:39+00:00,harrispradana_,"Ketika dikonfirmasi pembicaraan yang akan dibahas menyangkut perihal calon wakil presiden (Cawapres), #PrabowoPeduli #IkutPakde Prabowo Subianto"
2023-02-13 07:03:12+00:00,harrispradana_,"Gus Aun memastikan, jika Prabowo kembali maju menjadi calon Presiden 2024 mendatang,

Prabowo Subianto
#PrabowoPeduli #IkutPakde"
2023-02-13 07:03:12+00:00,harrispradana_,"Kami akan kembali mendukung Prabowo jika kembali maju menjadi Calon Presiden 2024 mendatang,‚Äù tegasnya.

Prabowo Subianto
#PrabowoPeduli #IkutPakde"
2023-02-13 06:27:35+00:00,harrispradana_,"Jakarta, IDN Times ‚Äî Pengurus DPC Partai Gerindra Kabupaten Kudus, Jawa Tengah, memperkenalkan Ketua Umum Gerindra Prabowo Subianto sebagai calon presiden (Capres) untuk Pilpres 2024. #PrabowoPeduli #IkutPakde Prabowo Subianto"
